Order_ID,Order_Date,Customer_Name,Segment,Product_Name,Category,Region,Quantity,Discount,Sales,Profit
ORD-00001,2024-11-16,Customer_210,Home Office,Headphones,Technology,East,1,0.0,3832.94,780.79
ORD-00002,2024-04-03,Customer_112,Consumer,Stapler,Office Supplies,East,4,0.25,925.9,14.08
ORD-00003,2024-06-14,Customer_020,Corporate,Bookshelf,Furniture,South,7,0.2,45979.71,-2122.57
ORD-00004,2025-12-09,Customer_234,Home Office,Pen Set,Office Supplies,North,5,0.05,849.31,229.11
ORD-00005,2025-05-13,Customer_291,Corporate,Office Chair,Furniture,East,3,0.05,24985.46,3471.59
ORD-00006,2024-04-04,,Consumer,Notebook,Office Supplies,South,3,0.15,629.49,82.08
ORD-00007,2024-08-16,Customer_242,Home Office,Cabinet,Furniture,North,4,0.1,41371.15,3127.12
ORD-00008,2024-05-25,Customer_237,Consumer,Office Chair,Furniture,West,6,0.15,47783.42,651.21
ORD-00009,2025-02-19,Customer_035,Consumer,Bookshelf,Furniture,East,2,0.15,13521.38,409.15
ORD-00010,2025-04-08,Customer_168,Corporate,Headphones,Technology,East,1,0.05,3012.99,551.69
ORD-00011,2024-10-25,Customer_071,Home Office,Pen Set,Office Supplies,South,1,0.0,172.13,50.24
ORD-00012,2025-02-10,Customer_200,Corporate,Cabinet,Furniture,North,7,0.1,80347.99,9092.41
ORD-00013,2024-03-06,Customer_139,Corporate,Office Chair,Furniture,North,5,0.0,45009.4,9128.28
ORD-00014,2024-11-21,Customer_091,Consumer,Cabinet,Furniture,South,2,0.15,19836.2,1331.36
ORD-00015,2025-12-03,Customer_210,Home Office,Office Chair,Furniture,South,4,0.05,37409.17,4399.08
ORD-00016,2024-11-24,Customer_029,Consumer,Headphones,Technology,West,1,0.25,2601.78,-39.64
ORD-00017,2025-02-26,Customer_257,Consumer,Pen Set,Office Supplies,West,4,0.2,601.28,63.07
ORD-00018,2025-03-02,Customer_026,Corporate,Mouse,Technology,North,5,0.1,4904.94,656.04
ORD-00019,2024-04-15,Customer_177,Consumer,Monitor,Technology,East,2,0.0,39060.86,8395.81
ORD-00020,2025-03-07,Customer_288,Consumer,Desk,Furniture,East,2,0.1,28526.77,3403.34
ORD-00021,2024-12-24,Customer_172,Home Office,Keyboard,Technology,East,2,0.1,4290.28,622.14
ORD-00022,2024-11-16,Customer_248,Consumer,Bookshelf,Furniture,West,3,0.2,17818.56,-524.42
ORD-00023,2025-05-05,Customer_198,Consumer,Laptop,Technology,East,2,0.15,116437.11,12941.91
ORD-00024,2024-06-17,Customer_167,Consumer,Table,Furniture,West,1,0.1,13431.07,892.1
ORD-00025,2025-11-26,Customer_155,Consumer,Pen Set,Office Supplies,North,5,0.05,929.56,243.96
ORD-00026,2024-11-13,Customer_268,Home Office,Office Chair,Furniture,South,2,0.2,15525.48,-889.03
ORD-00027,2024-08-18,Customer_199,Corporate,Mouse,Technology,South,3,0.1,2977.21,346.02
ORD-00028,2025-11-14,Customer_037,Consumer,Desk,Furniture,North,1,0.2,11167.88,14.52
ORD-00029,2025-09-30,Customer_094,Consumer,Bookshelf,Furniture,East,2,0.2,14007.88,-351.05
ORD-00030,2024-01-11,Customer_040,Consumer,Office Chair,Furniture,West,2,0.15,14142.81,492.25
ORD-00031,2025-02-28,Customer_242,Consumer,Stapler,Office Supplies,West,7,0.15,1870.32,332.81
ORD-00032,2025-11-08,Customer_091,Consumer,Office Chair,Furniture,East,7,0.1,58546.88,3259.83
ORD-00033,2025-11-06,Customer_167,Consumer,Desk,Furniture,West,5,0.15,58725.19,3702.71
ORD-00034,2025-12-06,Customer_280,Corporate,Printer Paper,Office Supplies,,2,0.2,715.3,56.86
ORD-00035,2024-03-20,Customer_240,Home Office,Notebook,Office Supplies,East,2,0.05,477.92,112.64
ORD-00036,2025-03-16,Customer_113,Consumer,Folders,Office Supplies,West,1,0.1,204.02,36.0
ORD-00037,2024-06-29,Customer_224,Consumer,Keyboard,Technology,East,7,0.2,12894.78,758.32
ORD-00038,2024-04-16,Customer_094,Home Office,Bookshelf,Furniture,South,3,0.0,26020.66,5254.64
ORD-00039,2024-04-22,Customer_007,Consumer,Monitor,Technology,East,4,0.0,67314.84,16685.26
ORD-00040,2025-05-11,Customer_096,Consumer,Bookshelf,Furniture,East,6,0.1,46440.04,2939.44
ORD-00041,2024-05-12,Customer_075,Consumer,Office Chair,Furniture,South,2,0.15,15043.76,1054.28
ORD-00042,2025-01-17,Customer_251,Consumer,Keyboard,Technology,West,1,0.0,2712.42,664.58
ORD-00043,2025-10-20,Customer_241,Home Office,Folders,Office Supplies,West,3,0.2,543.05,43.4
ORD-00044,2025-01-26,Customer_258,Corporate,Notebook,Office Supplies,West,7,0.1,1538.8,294.02
ORD-00045,2024-04-12,Customer_126,Consumer,Monitor,Technology,North,2,0.05,33293.78,6250.02
ORD-00046,2024-10-04,Customer_090,Corporate,Pen Set,Office Supplies,South,2,0.25,292.48,12.13
ORD-00047,2025-01-25,Customer_196,Home Office,Pen Set,Office Supplies,South,4,0.2,579.77,52.43
ORD-00048,2025-06-20,Customer_209,Consumer,Monitor,Technology,North,5,0.2,66702.28,1072.46
ORD-00049,2025-06-13,Customer_281,Consumer,Office Chair,Furniture,East,4,0.0,39303.94,6298.93
ORD-00050,2025-07-25,Customer_284,Corporate,Bookshelf,Furniture,South,7,0.05,54158.41,8925.58
ORD-00051,2024-05-05,Customer_172,Corporate,Cabinet,Furniture,North,1,0.1,10848.88,755.64
ORD-00052,2024-12-25,Customer_280,Corporate,Stapler,Office Supplies,East,1,0.0,277.03,84.15
ORD-00053,2024-11-01,Customer_202,Corporate,Cabinet,Furniture,East,2,0.05,24616.55,2922.32
ORD-00054,2024-09-22,Customer_048,Consumer,Desk,Furniture,West,3,0.0,48925.15,9005.82
ORD-00055,2025-06-16,Customer_281,Corporate,Pen Set,Office Supplies,North,7,0.2,1003.84,109.32
ORD-00056,2025-06-07,Customer_036,Home Office,Table,Furniture,North,3,0.2,34521.14,207.21
ORD-00057,2025-05-15,Customer_137,Consumer,Bookshelf,Furniture,North,1,0.2,6138.06,-132.59
ORD-00058,2024-08-08,Customer_235,Home Office,Keyboard,Technology,North,6,0.0,16491.1,3237.83
ORD-00059,2025-09-02,Customer_300,Consumer,Pen Set,Office Supplies,West,5,0.15,787.97,142.38
ORD-00060,2024-01-22,Customer_043,Consumer,Folders,Office Supplies,West,4,0.2,661.51,46.59
ORD-00061,2024-01-27,Customer_016,Consumer,Mouse,Technology,West,2,0.15,2163.0,219.64
ORD-00062,2024-02-11,Customer_279,Home Office,Webcam,Technology,North,7,0.2,17465.69,-23.8
ORD-00063,2024-05-27,Customer_152,Consumer,Office Chair,Furniture,South,5,0.2,36936.09,-1986.89
ORD-00064,2025-06-20,Customer_082,Consumer,Office Chair,Furniture,West,1,0.15,8384.71,223.75
ORD-00065,2025-03-25,Customer_266,Consumer,Office Chair,Furniture,North,2,0.15,14299.77,955.28
ORD-00066,2025-12-16,Customer_236,Consumer,Notebook,Office Supplies,South,4,0.15,862.31,152.62
ORD-00067,2024-08-07,Customer_210,Corporate,Webcam,Technology,East,4,0.15,11098.81,1200.47
ORD-00068,2024-10-21,Customer_036,Consumer,Bookshelf,Furniture,East,1,0.0,7644.92,1474.03
ORD-00069,2025-03-22,Customer_124,Corporate,Bookshelf,Furniture,West,7,0.1,47553.7,3920.91
ORD-00070,2024-01-27,Customer_143,Consumer,Desk,Furniture,West,4,0.05,57826.02,7650.4
ORD-00071,2025-04-18,Customer_095,Corporate,Cabinet,Furniture,East,5,,48471.79,-939.2
ORD-00072,2024-09-20,Customer_222,Corporate,Cabinet,Furniture,East,6,0.2,62450.58,-1579.87
ORD-00073,2025-08-06,Customer_252,Consumer,Printer Paper,Office Supplies,South,4,0.1,1495.54,340.07
ORD-00074,2024-02-10,Customer_101,Consumer,Folders,Office Supplies,West,4,0.0,847.25,225.38
ORD-00075,2025-08-26,Customer_112,Home Office,Notebook,Office Supplies,South,3,0.0,765.13,231.0
ORD-00076,2025-11-30,Customer_232,Home Office,Desk,Furniture,East,4,0.05,59139.38,7253.93
ORD-00077,2025-04-12,Customer_063,Consumer,Pen Set,Office Supplies,West,5,0.1,755.53,167.26
ORD-00078,2025-12-23,Customer_252,Corporate,Table,Furniture,West,2,0.25,19494.7,-1731.26
ORD-00079,2024-02-28,Customer_131,Corporate,Pen Set,Office Supplies,South,1,0.1,150.68,33.21
ORD-00080,2024-02-02,Customer_088,Consumer,Webcam,Technology,West,2,0.1,5493.36,735.0
ORD-00081,2024-06-26,Customer_192,Home Office,Laptop,Technology,South,6,0.15,342784.48,21613.51
ORD-00082,2024-09-24,Customer_102,Corporate,Office Chair,Furniture,East,7,0.2,50224.33,-2361.92
ORD-00083,2025-01-03,Customer_177,Home Office,Folders,Office Supplies,South,3,0.2,511.17,51.16
ORD-00084,2024-03-17,Customer_276,Consumer,Printer Paper,Office Supplies,East,7,0.15,2504.8,410.44
ORD-00085,2024-01-19,Customer_135,Home Office,Monitor,Technology,South,5,0.05,87183.96,18422.76
ORD-00086,2025-05-28,Customer_295,Corporate,Desk,Furniture,North,5,0.15,63463.2,959.42
ORD-00087,2025-06-10,Customer_235,Home Office,Table,Furniture,East,5,0.2,51677.97,-2276.82
ORD-00088,2025-02-07,Customer_291,Corporate,Printer Paper,Office Supplies,East,3,0.25,969.62,21.38
ORD-00089,2024-09-09,Customer_013,Consumer,Stapler,Office Supplies,East,3,0.2,718.52,46.73
ORD-00090,2025-12-14,Customer_239,Consumer,Printer Paper,Office Supplies,South,1,0.0,454.99,119.48
ORD-00091,2025-08-23,Customer_112,Consumer,Webcam,Technology,South,1,0.0,2765.57,578.17
ORD-00092,2025-07-18,Customer_222,Home Office,Stapler,Office Supplies,East,6,0.2,1310.1,156.05
ORD-00093,2025-09-18,Customer_155,Consumer,Mouse,Technology,North,7,0.15,6468.28,579.52
ORD-00094,2025-05-05,Customer_256,Consumer,Folders,Office Supplies,East,3,0.05,671.31,170.71
ORD-00095,2024-10-16,Customer_266,Consumer,Printer Paper,Office Supplies,South,4,0.05,1568.01,394.65
ORD-00096,2025-08-12,Customer_089,Home Office,Cabinet,Furniture,South,5,0.1,50077.67,4178.06
ORD-00097,2025-05-26,Customer_118,Corporate,Webcam,Technology,West,1,0.25,2248.61,-21.54
ORD-00098,2024-02-19,Customer_006,Consumer,Keyboard,Technology,North,4,0.1,9242.17,1332.71
ORD-00099,2025-12-01,Customer_163,Corporate,Bookshelf,Furniture,West,4,0.05,32813.74,5090.54
ORD-00100,2025-10-25,Customer_223,Corporate,Desk,Furniture,West,7,0.15,91988.89,4670.92
ORD-00101,2024-08-23,Customer_263,Consumer,Pen Set,Office Supplies,South,3,0.05,519.31,116.53
ORD-00102,2024-11-16,Customer_299,Consumer,Cabinet,Furniture,East,7,0.15,75893.04,320.76
ORD-00103,2024-05-15,Customer_031,Corporate,Headphones,Technology,South,3,0.15,9737.8,792.83
ORD-00104,2024-01-27,Customer_031,Home Office,Printer Paper,Office Supplies,North,6,0.0,2562.88,781.74
ORD-00105,2025-01-11,Customer_016,Consumer,Printer Paper,Office Supplies,South,1,0.0,439.61,134.22
ORD-00106,2024-05-31,Customer_119,Consumer,Stapler,Office Supplies,South,4,0.1,972.36,218.61
ORD-00107,2024-01-01,Customer_147,Corporate,Table,Furniture,North,2,0.05,26234.66,3081.71
ORD-00108,2024-07-09,Customer_073,Consumer,Table,Furniture,East,5,0.1,65309.06,7098.85
ORD-00109,2025-11-10,Customer_139,Consumer,Pen Set,Office Supplies,North,4,0.15,569.22,104.52
ORD-00110,2025-11-01,Customer_057,Consumer,Laptop,Technology,North,7,0.0,419567.28,89159.17
ORD-00111,2025-02-19,Customer_255,Corporate,Desk,Furniture,North,5,0.0,80300.54,13826.61
ORD-00112,2025-07-18,Customer_077,Home Office,Office Chair,Furniture,West,3,0.25,20065.55,-2054.3
ORD-00113,2024-09-20,Customer_096,Home Office,Folders,Office Supplies,North,2,0.2,359.09,43.24
ORD-00114,2024-08-19,Customer_009,Consumer,Bookshelf,Furniture,East,7,0.05,48082.52,7690.37
ORD-00115,2025-05-31,Customer_096,Corporate,Cabinet,Furniture,West,6,0.2,58680.93,332.48
ORD-00116,2025-05-20,Customer_153,Consumer,Notebook,Office Supplies,East,6,0.25,1013.4,78.16
ORD-00117,2025-03-02,Customer_270,Consumer,Table,Furniture,East,5,0.2,56405.44,-1973.45
ORD-00118,2024-02-06,Customer_089,Corporate,Monitor,Technology,East,1,0.15,16328.91,1922.33
ORD-00119,2024-06-17,Customer_077,Home Office,Mouse,Technology,North,6,0.15,6185.53,556.55
ORD-00120,2025-06-13,Customer_228,Corporate,Stapler,Office Supplies,East,2,0.25,442.73,17.21
ORD-00121,2025-08-04,Customer_123,Corporate,Notebook,Office Supplies,North,3,0.0,808.45,231.25
ORD-00122,2024-04-19,Customer_054,Home Office,Headphones,Technology,South,2,0.05,7127.45,1082.28
ORD-00123,2024-12-08,Customer_264,Corporate,Monitor,Technology,South,5,0.1,81275.72,9474.66
ORD-00124,2025-07-25,Customer_032,Corporate,Cabinet,Furniture,East,4,0.25,38632.12,-4612.94
ORD-00125,2024-05-29,Customer_007,Corporate,Office Chair,Furniture,North,4,0.25,26336.58,-2963.28
ORD-00126,2024-10-15,Customer_183,Consumer,Folders,Office Supplies,East,3,0.15,550.81,80.44
ORD-00127,2024-12-07,Customer_114,Consumer,Table,Furniture,East,3,0.1,35011.18,3972.43
ORD-00128,2024-09-04,Customer_074,Home Office,Headphones,Technology,North,6,0.0,22064.72,4329.61
ORD-00129,2024-05-27,Customer_157,Consumer,Desk,Furniture,South,4,0.1,51401.95,6273.13
ORD-00130,2025-12-01,Customer_149,Corporate,Keyboard,Technology,North,5,0.0,11881.09,2765.99
ORD-00131,2025-10-01,Customer_296,Home Office,Headphones,Technology,South,1,0.25,2862.82,-12.53
ORD-00132,2024-08-10,Customer_030,Corporate,Office Chair,Furniture,West,3,0.2,22104.39,-629.4
ORD-00133,2024-07-03,Customer_256,Consumer,Office Chair,Furniture,North,1,0.15,8009.75,408.78
ORD-00134,2024-10-22,Customer_232,Corporate,Pen Set,Office Supplies,West,1,0.05,186.1,49.34
ORD-00135,2024-03-14,Customer_254,Consumer,Webcam,Technology,East,2,0.0,5896.28,1315.63
ORD-00136,2025-06-02,Customer_263,Home Office,Monitor,Technology,West,5,0.05,86027.54,16816.07
ORD-00137,2024-04-27,Customer_267,Home Office,Monitor,Technology,South,1,0.2,14450.87,371.86
ORD-00138,2025-01-26,Customer_040,Consumer,Bookshelf,Furniture,South,3,0.0,26170.8,4741.59
ORD-00139,2024-04-29,Customer_063,Corporate,Folders,Office Supplies,North,7,0.05,1325.49,351.53
ORD-00140,2024-08-22,Customer_140,Corporate,Webcam,Technology,North,1,0.1,2717.22,421.22
ORD-00141,2025-08-20,Customer_141,Corporate,Folders,Office Supplies,North,3,0.0,715.53,206.88
ORD-00142,2024-09-06,Customer_187,Corporate,Office Chair,Furniture,West,5,0.2,38114.17,-52.61
ORD-00143,2024-11-15,Customer_001,Corporate,Webcam,Technology,East,6,0.25,12908.42,-46.0
ORD-00144,2024-04-04,Customer_190,Consumer,Bookshelf,Furniture,West,6,0.1,46844.81,4781.47
ORD-00145,2024-12-02,Customer_180,Corporate,Cabinet,Furniture,East,5,0.1,58860.66,5906.86
ORD-00146,2025-05-10,Customer_013,Home Office,Office Chair,Furniture,North,5,0.1,43679.15,3087.87
ORD-00147,2025-01-22,Customer_091,Corporate,Webcam,Technology,South,2,0.25,4379.7,-262.1
ORD-00148,2025-02-14,Customer_153,Corporate,Bookshelf,Furniture,West,5,0.25,29515.81,-3134.5
ORD-00149,2024-10-24,Customer_038,Consumer,Desk,Furniture,East,2,0.0,31004.94,5264.58
ORD-00150,2024-01-15,Customer_060,Consumer,Stapler,Office Supplies,South,6,0.2,1543.86,182.54
ORD-00151,2024-04-04,Customer_042,Consumer,Stapler,Office Supplies,North,6,0.05,1769.76,384.44
ORD-00152,2025-01-30,Customer_286,Corporate,Pen Set,Office Supplies,West,6,0.15,873.04,126.1
ORD-00153,2025-12-13,Customer_206,Consumer,Monitor,Technology,East,4,0.0,70560.88,13871.8
ORD-00154,2024-11-20,Customer_257,Home Office,Stapler,Office Supplies,South,6,0.05,1725.24,418.75
ORD-00155,2024-08-31,Customer_274,Consumer,Cabinet,Furniture,West,3,0.25,28853.94,-3899.91
ORD-00156,2025-07-12,Customer_145,Corporate,Headphones,Technology,West,1,0.1,2986.34,368.19
ORD-00157,2024-07-07,Customer_123,Corporate,Desk,Furniture,South,3,0.05,45452.28,5088.1
ORD-00158,2024-01-06,Customer_240,Consumer,Office Chair,Furniture,South,4,0.2,26716.78,-1268.93
ORD-00159,2024-10-11,Customer_058,Home Office,Office Chair,Furniture,North,3,0.0,26583.12,4576.28
ORD-00160,2025-12-16,Customer_042,Consumer,Folders,Office Supplies,South,7,0.2,1175.48,84.98
ORD-00161,2024-03-22,Customer_053,Home Office,Mouse,Technology,South,5,0.1,5456.36,727.22
ORD-00162,2025-04-21,Customer_300,Home Office,Headphones,Technology,West,1,0.1,2894.98,340.26
ORD-00163,2024-08-20,Customer_128,Consumer,Webcam,Technology,South,2,0.0,6206.72,1422.28
ORD-00164,2025-08-30,Customer_125,Home Office,Headphones,Technology,East,7,0.05,24433.26,3888.57
ORD-00165,2025-10-13,Customer_264,Consumer,Keyboard,Technology,North,4,0.0,9307.05,2027.9
ORD-00166,2024-02-08,Customer_131,Consumer,Laptop,Technology,East,1,0.2,47162.32,618.95
ORD-00167,2024-05-02,Customer_259,Consumer,Folders,Office Supplies,South,1,0.2,177.37,13.66
ORD-00168,2024-10-14,Customer_078,Corporate,Laptop,Technology,South,5,0.2,260217.29,1425.8
ORD-00169,2024-09-25,Customer_063,Consumer,Printer Paper,Office Supplies,South,5,0.2,1662.81,215.85
ORD-00170,2024-05-08,Customer_120,Home Office,Office Chair,Furniture,North,1,0.25,6260.24,-668.36
ORD-00171,2024-10-13,Customer_293,Home Office,Keyboard,Technology,West,7,0.2,13138.44,614.59
ORD-00172,2024-07-30,Customer_170,Corporate,Cabinet,Furniture,West,1,0.1,11509.66,846.46
ORD-00173,2024-02-06,Customer_146,Corporate,Office Chair,Furniture,East,3,0.05,25232.71,3003.52
ORD-00174,2025-02-13,Customer_082,Consumer,Headphones,Technology,South,6,0.1,18199.75,2345.76
ORD-00175,2024-02-18,Customer_064,Consumer,Cabinet,Furniture,West,1,0.2,9880.88,18.77
ORD-00176,2024-12-09,Customer_281,Consumer,Folders,Office Supplies,North,6,0.0,1244.81,342.4
ORD-00177,2025-05-11,Customer_030,Consumer,Office Chair,Furniture,South,7,0.05,58925.13,9381.21
ORD-00178,2025-09-20,Customer_109,Consumer,Laptop,Technology,East,3,0.0,189437.42,44456.42
ORD-00179,2024-05-29,Customer_279,Home Office,Stapler,Office Supplies,South,1,0.0,276.44,83.53
ORD-00180,2024-03-30,Customer_227,Home Office,Cabinet,Furniture,South,7,0.2,67550.25,-4439.91
ORD-00181,2024-10-19,Customer_285,Consumer,Office Chair,Furniture,North,4,0.15,32473.89,1972.33
ORD-00182,2024-12-30,Customer_292,Consumer,Folders,Office Supplies,South,3,0.1,581.83,113.21
ORD-00183,2024-08-22,Customer_031,Consumer,Office Chair,Furniture,East,7,0.2,51300.46,-688.0
ORD-00184,2024-11-11,Customer_279,Corporate,Printer Paper,Office Supplies,South,3,0.25,990.53,52.61
ORD-00185,2025-02-18,Customer_198,Consumer,Keyboard,Technology,West,3,0.1,6507.97,937.34
ORD-00186,2024-03-10,Customer_217,Consumer,Keyboard,Technology,East,4,0.1,8486.17,1094.61
ORD-00187,2024-07-06,Customer_279,Home Office,Stapler,Office Supplies,East,7,0.15,1845.31,338.17
ORD-00188,2024-10-13,Customer_174,Home Office,Table,Furniture,West,7,0.0,88955.42,14959.15
ORD-00189,2024-01-20,Customer_256,Corporate,Printer Paper,Office Supplies,North,2,0.1,804.45,186.35
ORD-00190,2024-08-29,Customer_112,Home Office,Cabinet,Furniture,West,7,0.15,68120.48,4188.64
ORD-00191,2024-12-28,Customer_290,Corporate,Cabinet,Furniture,North,2,0.25,19280.31,-1272.68
ORD-00192,2025-10-03,Customer_031,Consumer,Printer Paper,Office Supplies,West,1,0.2,358.69,34.21
ORD-00193,2025-03-19,Customer_111,Consumer,Table,Furniture,East,7,0.1,81468.56,5491.38
ORD-00194,2024-07-26,Customer_263,Consumer,Webcam,Technology,North,6,0.0,18073.65,4017.17
ORD-00195,2024-04-29,Customer_114,Corporate,Cabinet,Furniture,East,1,0.15,9261.79,354.24
ORD-00196,2024-06-05,Customer_057,Consumer,Printer Paper,Office Supplies,West,5,0.05,1965.14,422.47
ORD-00197,2025-08-13,Customer_025,Home Office,Keyboard,Technology,North,2,0.15,4565.7,331.01
ORD-00198,2024-11-10,Customer_161,Consumer,Bookshelf,Furniture,North,2,0.25,13100.9,-696.1
ORD-00199,2024-08-08,Customer_014,Home Office,Headphones,Technology,East,3,0.25,8406.52,-68.73
ORD-00200,2025-09-01,Customer_161,Consumer,Laptop,Technology,North,6,0.25,296445.71,-9323.16
ORD-00201,2024-02-16,Customer_094,Home Office,Printer Paper,Office Supplies,West,3,0.05,1227.62,262.65
ORD-00202,2025-09-25,Customer_250,Corporate,Laptop,Technology,East,4,0.25,208344.03,-16019.45
ORD-00203,2025-08-03,Customer_164,Corporate,Office Chair,Furniture,West,3,0.2,23638.19,-988.0
ORD-00204,2024-11-29,Customer_109,Consumer,Printer Paper,Office Supplies,South,2,0.1,743.54,168.82
ORD-00205,2024-11-21,Customer_184,Home Office,Cabinet,Furniture,East,6,0.0,67068.34,13366.6
ORD-00206,2024-06-08,Customer_281,Corporate,Webcam,Technology,West,5,0.25,10656.81,-26.5
ORD-00207,2024-02-16,Customer_171,Consumer,Office Chair,Furniture,West,2,0.25,13600.49,-1419.26
ORD-00208,2025-08-07,Customer_260,Corporate,Pen Set,Office Supplies,East,5,0.25,654.47,46.76
ORD-00209,2024-11-15,Customer_114,Home Office,Desk,Furniture,South,6,0.2,72582.86,73.29
ORD-00210,2025-04-21,Customer_131,Corporate,Desk,Furniture,North,2,0.05,29764.87,4753.67
ORD-00211,2024-05-17,Customer_150,Consumer,Folders,Office Supplies,West,5,0.1,991.62,202.34
ORD-00212,2024-12-20,Customer_127,Consumer,Webcam,Technology,North,7,0.0,21390.42,5068.99
ORD-00213,2024-02-07,Customer_141,Home Office,Stapler,Office Supplies,East,1,0.2,238.83,31.44
ORD-00214,2025-04-18,Customer_129,Corporate,Folders,Office Supplies,East,7,0.15,1402.26,202.01
ORD-00215,2025-04-28,Customer_289,Corporate,Keyboard,Technology,South,7,0.1,15514.01,1732.8
ORD-00216,2025-06-21,Customer_065,Consumer,Bookshelf,Furniture,North,4,0.2,23711.51,-6.73
ORD-00217,2025-06-29,Customer_082,Home Office,Cabinet,Furniture,North,6,0.0,78567.07,15923.18
ORD-00218,2024-07-31,Customer_265,Corporate,Monitor,Technology,South,2,0.2,29998.99,1510.03
ORD-00219,2024-12-15,Customer_083,Consumer,Pen Set,Office Supplies,West,3,0.05,474.76,113.5
ORD-00220,2024-02-21,Customer_235,Consumer,Stapler,Office Supplies,North,2,0.2,510.25,52.93
ORD-00221,2024-06-24,Customer_053,Consumer,Table,Furniture,South,2,0.1,24655.98,2657.23
ORD-00222,2024-08-17,Customer_040,Consumer,Stapler,Office Supplies,North,3,0.1,778.08,162.13
ORD-00223,2025-07-11,Customer_150,Home Office,Pen Set,Office Supplies,East,3,0.15,492.71,58.7
ORD-00224,2025-10-11,Customer_238,Home Office,Cabinet,Furniture,South,4,0.1,39581.17,4915.24
ORD-00225,2024-12-26,Customer_171,Consumer,Bookshelf,Furniture,South,4,0.1,30738.89,3609.16
ORD-00226,2025-08-01,Customer_299,Home Office,Pen Set,Office Supplies,North,6,0.2,931.37,105.59
ORD-00227,2024-07-14,Customer_282,Corporate,Keyboard,Technology,East,5,0.05,12010.38,2309.92
ORD-00228,2024-05-22,Customer_285,Consumer,Monitor,Technology,North,5,0.1,86412.76,10435.3
ORD-00229,2024-05-08,Customer_080,Home Office,Notebook,Office Supplies,East,7,0.25,1218.01,32.1
ORD-00230,2024-06-20,Customer_290,Consumer,Folders,Office Supplies,South,3,0.05,618.22,152.2
ORD-00231,2025-07-20,Customer_114,Corporate,Pen Set,Office Supplies,West,5,0.2,678.68,92.09
ORD-00232,2025-12-26,Customer_063,Consumer,Bookshelf,Furniture,South,2,0.1,15292.63,1817.42
ORD-00233,2025-06-29,Customer_057,Consumer,Keyboard,Technology,South,2,0.05,4664.55,841.01
ORD-00234,2025-04-13,Customer_295,Corporate,Folders,Office Supplies,East,1,0.1,194.17,33.57
ORD-00235,2025-06-16,Customer_030,Corporate,Monitor,Technology,West,7,0.1,106608.76,16540.06
ORD-00236,2024-07-30,Customer_273,Corporate,Bookshelf,Furniture,North,2,0.2,12201.04,-79.05
ORD-00237,2024-04-08,Customer_121,Home Office,Monitor,Technology,South,4,0.05,73142.46,13572.95
ORD-00238,2024-04-28,Customer_235,Corporate,Laptop,Technology,North,4,0.05,267619.34,41719.82
ORD-00239,2024-06-15,Customer_261,Consumer,Webcam,Technology,North,7,0.05,20424.48,3306.14
ORD-00240,2025-07-24,Customer_219,Home Office,Office Chair,Furniture,North,1,0.1,8710.22,756.81
ORD-00241,2025-08-21,Customer_087,Corporate,Stapler,Office Supplies,North,5,0.0,1421.5,397.79
ORD-00242,2025-03-01,Customer_237,Consumer,Printer Paper,Office Supplies,East,6,0.25,1922.42,41.98
ORD-00243,2025-01-16,Customer_239,Consumer,Headphones,Technology,South,3,0.25,8224.39,-614.9
ORD-00244,2024-09-13,Customer_143,Corporate,Webcam,Technology,South,5,0.25,10336.07,-338.09
ORD-00245,2024-07-26,Customer_115,Corporate,Table,Furniture,North,5,0.25,56527.06,-4293.54
ORD-00246,2024-09-02,Customer_198,Corporate,Headphones,Technology,North,3,0.2,7601.08,355.94
ORD-00247,2025-02-15,Customer_017,Consumer,Stapler,Office Supplies,South,4,0.05,1223.24,330.95
ORD-00248,2025-11-20,Customer_225,Consumer,Pen Set,Office Supplies,South,3,0.05,550.61,125.09
ORD-00249,2024-06-06,Customer_234,Corporate,Folders,Office Supplies,South,3,0.05,593.24,160.63
ORD-00250,2025-06-02,Customer_224,Corporate,Table,Furniture,South,3,0.1,37619.57,3482.35
ORD-00251,2024-05-27,Customer_244,Home Office,Mouse,Technology,South,6,0.05,6947.54,1407.06
ORD-00252,2025-10-21,Customer_100,Home Office,Webcam,Technology,North,6,0.0,16962.38,4165.69
ORD-00253,2024-02-22,Customer_023,Home Office,Laptop,Technology,South,1,0.0,69254.31,14889.19
ORD-00254,2025-04-05,Customer_192,Home Office,Headphones,Technology,North,3,0.1,9852.1,1349.55
ORD-00255,2024-12-07,Customer_239,Consumer,Pen Set,Office Supplies,North,3,0.05,477.45,122.94
ORD-00256,2024-08-29,Customer_257,Corporate,Folders,Office Supplies,East,5,0.0,1158.31,337.16
ORD-00257,2025-05-17,Customer_089,Home Office,Pen Set,Office Supplies,South,1,0.15,146.57,21.88
ORD-00258,2025-03-21,Customer_041,Corporate,Mouse,Technology,South,7,0.15,7389.54,509.5
ORD-00259,2024-11-22,Customer_027,Consumer,Office Chair,Furniture,West,4,0.05,33796.18,4057.87
ORD-00260,2025-08-28,Customer_229,Corporate,Pen Set,Office Supplies,West,1,0.1,161.97,31.15
ORD-00261,2024-12-25,Customer_181,Corporate,Folders,Office Supplies,West,5,0.2,804.65,79.56
ORD-00262,2025-11-03,Customer_141,Consumer,Printer Paper,Office Supplies,East,4,0.25,1336.66,86.23
ORD-00263,2024-03-10,Customer_130,Consumer,Desk,Furniture,North,5,0.2,62801.6,839.27
ORD-00264,2024-04-22,Customer_051,Home Office,Mouse,Technology,West,7,0.15,6891.87,495.94
ORD-00265,2025-07-08,Customer_272,Consumer,Keyboard,Technology,South,2,0.1,4730.48,516.03
ORD-00266,2024-06-12,Customer_076,Consumer,Table,Furniture,West,3,0.05,40557.91,4167.86
ORD-00267,2025-01-19,Customer_258,Corporate,Webcam,Technology,North,6,0.25,12700.42,-538.18
ORD-00268,2024-08-09,Customer_296,Consumer,Folders,Office Supplies,North,2,0.25,356.8,6.09
ORD-00269,2024-08-22,Customer_169,Corporate,Pen Set,Office Supplies,North,1,0.1,166.43,34.26
ORD-00270,2024-08-31,Customer_039,Consumer,Stapler,Office Supplies,West,4,0.05,1219.92,299.32
ORD-00271,2025-07-08,Customer_007,Corporate,Monitor,Technology,North,2,0.05,31990.69,5397.12
ORD-00272,2024-02-17,Customer_175,Consumer,Pen Set,Office Supplies,East,7,0.0,1347.9,404.17
ORD-00273,2024-11-20,Customer_022,Consumer,Cabinet,Furniture,North,3,0.2,31063.98,468.96
ORD-00274,2025-10-21,Customer_046,Corporate,Office Chair,Furniture,East,5,0.05,44117.88,5352.29
ORD-00275,2025-11-26,Customer_091,Consumer,Mouse,Technology,West,4,0.1,4198.75,640.06
ORD-00276,2024-09-14,Customer_006,Corporate,Notebook,Office Supplies,North,3,0.1,694.44,133.98
ORD-00277,2025-08-14,Customer_031,Corporate,Cabinet,Furniture,East,1,0.1,11023.36,1184.29
ORD-00278,2024-06-12,Customer_125,Consumer,Laptop,Technology,West,2,0.0,138434.8,26778.43
ORD-00279,2025-11-09,Customer_278,Consumer,Desk,Furniture,East,3,0.25,30456.35,-3543.25
ORD-00280,2025-10-23,Customer_166,Home Office,Folders,Office Supplies,North,2,0.0,470.78,128.73
ORD-00281,2024-10-31,Customer_047,Corporate,Stapler,Office Supplies,South,4,0.2,878.4,73.31
ORD-00282,2024-12-10,Customer_094,Corporate,Webcam,Technology,East,4,0.25,9419.62,-274.11
ORD-00283,2024-06-09,Customer_283,Consumer,Notebook,Office Supplies,South,5,0.2,943.05,69.89
ORD-00284,2025-09-13,Customer_186,Consumer,Desk,Furniture,North,5,0.25,53526.31,-5899.03
ORD-00285,2024-04-19,Customer_203,Consumer,Table,Furniture,East,5,0.05,60797.55,8423.34
ORD-00286,2024-07-27,Customer_254,Consumer,Stapler,Office Supplies,North,1,0.1,288.51,58.69
ORD-00287,2025-04-20,Customer_266,Consumer,Folders,Office Supplies,South,3,0.1,551.43,122.54
ORD-00288,2024-02-04,Customer_042,Consumer,Headphones,Technology,North,4,0.1,12384.17,1632.44
ORD-00289,2024-01-24,Customer_113,Corporate,Monitor,Technology,South,3,0.15,42307.56,4994.3
ORD-00290,2024-11-29,Customer_244,Consumer,Desk,Furniture,South,6,0.1,81493.15,6688.36
ORD-00291,2025-01-11,Customer_127,Consumer,Laptop,Technology,East,6,0.0,412060.0,79277.86
ORD-00292,2025-03-15,Customer_086,Corporate,Laptop,Technology,West,7,0.2,373635.45,-3166.44
ORD-00293,2024-01-31,Customer_165,Consumer,Folders,Office Supplies,East,7,0.0,1489.58,375.24
ORD-00294,2024-11-26,Customer_098,Home Office,Laptop,Technology,North,4,0.1,256372.54,34629.57
ORD-00295,2024-02-07,Customer_080,Home Office,Laptop,Technology,North,7,0.1,375978.47,52120.61
ORD-00296,2025-01-01,Customer_078,Home Office,Webcam,Technology,East,7,0.1,20259.03,2773.89
ORD-00297,2025-09-16,Customer_160,Consumer,Monitor,Technology,South,3,0.25,37960.51,-891.18
ORD-00298,2024-10-13,Customer_205,Consumer,Laptop,Technology,South,6,0.05,383453.62,74575.33
ORD-00299,2024-09-11,Customer_140,Corporate,Desk,Furniture,South,4,0.1,57808.33,4835.35
ORD-00300,2025-10-19,Customer_012,Consumer,Monitor,Technology,North,6,0.1,89889.36,13615.21
ORD-00301,2024-04-05,Customer_282,Home Office,Stapler,Office Supplies,South,7,0.15,1860.1,257.56
ORD-00302,2024-09-06,Customer_156,Consumer,Folders,Office Supplies,South,1,0.1,185.25,35.71
ORD-00303,2025-11-08,Customer_012,Consumer,Office Chair,Furniture,North,2,0.0,17064.9,3324.78
ORD-00304,2024-07-22,Customer_114,Consumer,Notebook,Office Supplies,South,7,0.1,1524.29,321.64
ORD-00305,2024-01-19,Customer_227,Consumer,Laptop,Technology,East,3,0.25,158784.39,-6407.12
ORD-00306,2024-08-17,Customer_230,Corporate,Printer Paper,Office Supplies,West,1,0.2,388.48,40.68
ORD-00307,2025-08-11,Customer_279,Consumer,Headphones,Technology,East,1,0.0,3845.99,781.3
ORD-00308,2025-04-24,Customer_232,Consumer,Laptop,Technology,South,5,0.2,265325.33,-752.23
ORD-00309,2024-07-20,Customer_013,Consumer,Office Chair,Furniture,West,6,0.1,46317.87,4479.28
ORD-00310,2025-10-03,Customer_269,Consumer,Printer Paper,Office Supplies,North,7,0.1,2737.37,547.03
ORD-00311,2024-07-06,Customer_046,Corporate,Keyboard,Technology,South,1,0.05,2406.25,444.28
ORD-00312,2024-07-06,Customer_236,Home Office,Table,Furniture,West,1,0.25,11210.09,-695.35
ORD-00313,2024-05-04,Customer_176,Home Office,Printer Paper,Office Supplies,East,3,0.05,1392.69,369.67
ORD-00314,2025-06-10,Customer_180,Consumer,Bookshelf,Furniture,South,3,0.2,17539.3,-456.09
ORD-00315,2025-04-28,Customer_282,Consumer,Monitor,Technology,North,3,0.2,40486.82,1570.29
ORD-00316,2025-06-08,Customer_047,Consumer,Mouse,Technology,South,4,0.0,5279.77,1176.26
ORD-00317,2024-12-18,Customer_027,Home Office,Webcam,Technology,South,7,0.0,22804.46,4380.2
ORD-00318,2024-09-16,Customer_125,Consumer,Desk,Furniture,South,6,0.05,92312.22,14204.71
ORD-00319,2024-02-19,Customer_197,Consumer,Cabinet,Furniture,East,1,0.05,11754.45,1938.03
ORD-00320,2025-06-30,Customer_041,Home Office,Folders,Office Supplies,West,4,0.05,813.99,195.24
ORD-00321,2024-02-14,Customer_077,Consumer,Desk,Furniture,West,4,0.1,50727.16,5389.46
ORD-00322,2024-10-10,Customer_161,Consumer,Mouse,Technology,South,5,0.2,4683.71,85.12
ORD-00323,2025-01-16,Customer_239,Home Office,Webcam,Technology,South,7,0.0,20702.22,4298.3
ORD-00324,2024-11-30,Customer_169,Consumer,Table,Furniture,West,4,0.0,58817.02,10557.44
ORD-00325,2025-09-26,Customer_184,Corporate,Headphones,Technology,West,7,0.2,20942.42,-79.29
ORD-00326,2025-02-10,Customer_259,Consumer,Laptop,Technology,North,2,0.15,108736.92,11444.53
ORD-00327,2025-05-28,Customer_029,Consumer,Pen Set,Office Supplies,East,5,0.2,758.05,92.19
ORD-00328,2025-12-10,Customer_184,Corporate,Monitor,Technology,North,5,0.05,82065.04,17167.46
ORD-00329,2024-02-01,Customer_219,Consumer,Headphones,Technology,East,7,0.25,19317.65,-727.13
ORD-00330,2024-11-14,Customer_157,Consumer,Keyboard,Technology,West,6,0.1,13765.05,1455.38
ORD-00331,2024-02-27,Customer_055,Consumer,Table,Furniture,West,1,0.05,12734.68,2028.84
ORD-00332,2024-12-28,Customer_010,Home Office,Headphones,Technology,West,6,0.0,20593.75,5069.99
ORD-00333,2025-12-20,Customer_060,Consumer,Monitor,Technology,South,1,0.15,15293.87,1169.18
ORD-00334,2025-08-26,Customer_129,Consumer,Keyboard,Technology,South,6,0.15,13689.0,1258.4
ORD-00335,2024-02-20,Customer_021,Consumer,Bookshelf,Furniture,East,5,0.15,32558.81,586.91
ORD-00336,2025-09-21,Customer_027,Home Office,Laptop,Technology,West,1,0.0,59231.75,11723.95
ORD-00337,2025-02-04,Customer_239,Consumer,Pen Set,Office Supplies,South,2,0.1,324.04,54.67
ORD-00338,2025-08-29,Customer_144,Consumer,Office Chair,Furniture,East,3,0.2,22313.72,-896.74
ORD-00339,2024-11-01,Customer_157,Consumer,Pen Set,Office Supplies,West,3,0.1,469.17,99.68
ORD-00340,2024-09-23,Customer_262,Consumer,Pen Set,Office Supplies,West,6,0.15,850.76,118.94
ORD-00341,2024-06-22,Customer_003,Consumer,Folders,Office Supplies,North,4,0.0,926.16,233.33
ORD-00342,2025-06-30,Customer_178,Consumer,Laptop,Technology,South,6,0.2,303214.35,19147.1
ORD-00343,2025-12-24,Customer_057,Consumer,Mouse,Technology,North,3,0.0,3639.78,778.85
ORD-00344,2025-07-03,Customer_242,Home Office,Headphones,Technology,East,3,0.05,10086.48,1939.17
ORD-00345,2025-11-11,Customer_293,Corporate,Pen Set,Office Supplies,East,7,0.1,1142.49,229.44
ORD-00346,2024-06-21,Customer_021,Corporate,Office Chair,Furniture,South,1,0.25,6242.19,-417.71
ORD-00347,2024-03-11,Customer_218,Home Office,Stapler,Office Supplies,West,7,0.0,2180.58,594.03
ORD-00348,2025-08-27,Customer_176,Corporate,Headphones,Technology,North,7,0.05,24193.31,3603.15
ORD-00349,2025-04-29,Customer_227,Consumer,Mouse,Technology,North,5,0.25,4194.35,-63.92
ORD-00350,2024-12-17,Customer_015,Corporate,Printer Paper,Office Supplies,South,1,0.1,411.72,80.1
ORD-00351,2025-06-09,Customer_238,Corporate,Cabinet,Furniture,East,2,0.15,20553.03,556.95
ORD-00352,2024-07-18,Customer_262,Corporate,Notebook,Office Supplies,North,7,0.15,1365.65,200.32
ORD-00353,2025-06-19,Customer_179,Home Office,Monitor,Technology,North,3,0.15,44418.27,3833.24
ORD-00354,2025-06-12,Customer_111,Corporate,Folders,Office Supplies,North,2,0.0,408.58,121.63
ORD-00355,2025-11-20,Customer_071,Corporate,Keyboard,Technology,West,7,0.0,16934.07,3391.87
ORD-00356,2025-07-17,Customer_034,Home Office,Pen Set,Office Supplies,West,5,0.15,835.24,133.28
ORD-00357,2025-11-05,Customer_157,Home Office,Laptop,Technology,West,5,0.1,275636.85,30646.61
ORD-00358,2024-01-25,Customer_286,Corporate,Printer Paper,Office Supplies,North,6,0.2,2063.75,272.75
ORD-00359,2025-11-15,Customer_193,Corporate,Table,Furniture,East,6,0.1,74386.85,8675.51
ORD-00360,2024-06-18,Customer_044,Home Office,Laptop,Technology,East,3,0.05,187051.15,36972.3
ORD-00361,2025-02-15,Customer_188,Consumer,Office Chair,Furniture,South,6,0.25,37673.04,-4878.47
ORD-00362,2025-08-28,Customer_187,Corporate,Webcam,Technology,West,4,0.15,10588.61,1247.86
ORD-00363,2025-03-03,Customer_114,Corporate,Webcam,Technology,West,2,0.0,6011.68,1319.87
ORD-00364,2024-09-04,Customer_159,Consumer,Keyboard,Technology,East,1,0.1,2461.47,384.01
ORD-00365,2024-08-02,Customer_150,Corporate,Desk,Furniture,West,2,0.15,27795.01,1441.73
ORD-00366,2024-01-19,Customer_140,Consumer,Cabinet,Furniture,West,2,0.0,24564.81,4134.33
ORD-00367,2025-01-12,Customer_119,Corporate,Headphones,Technology,North,3,0.0,9659.9,2031.75
ORD-00368,2024-01-12,Customer_226,Corporate,Webcam,Technology,South,5,0.2,12108.49,189.46
ORD-00369,2025-09-19,Customer_278,Consumer,Headphones,Technology,West,1,0.0,3735.34,920.43
ORD-00370,2024-01-03,Customer_101,Consumer,Notebook,Office Supplies,South,7,0.0,1732.88,494.95
ORD-00371,2025-10-13,Customer_038,Corporate,Stapler,Office Supplies,East,7,0.05,2159.91,576.79
ORD-00372,2025-11-19,Customer_124,Home Office,Bookshelf,Furniture,West,4,0.15,26964.7,424.23
ORD-00373,2024-04-15,Customer_070,Corporate,Office Chair,Furniture,North,6,0.15,44534.23,242.9
ORD-00374,2024-12-25,Customer_082,Corporate,Folders,Office Supplies,East,1,0.1,186.02,32.91
ORD-00375,2025-10-20,Customer_288,Home Office,Table,Furniture,West,7,0.05,101140.57,13342.93
ORD-00376,2025-02-13,Customer_087,Consumer,Keyboard,Technology,East,1,0.05,2176.65,390.0
ORD-00377,2025-04-05,Customer_129,Corporate,Folders,Office Supplies,East,2,0.1,372.97,66.89
ORD-00378,2025-06-07,Customer_173,Corporate,Office Chair,Furniture,East,7,0.2,48293.79,-2718.58
ORD-00379,2025-08-06,Customer_254,Corporate,Cabinet,Furniture,West,2,0.25,17712.59,-2139.51
ORD-00380,2024-11-26,Customer_119,Home Office,Cabinet,Furniture,North,2,0.15,18792.24,1060.97
ORD-00381,2024-10-16,Customer_074,Consumer,Webcam,Technology,East,4,0.1,11460.56,1214.08
ORD-00382,2025-02-23,Customer_185,Consumer,Office Chair,Furniture,East,3,0.1,23807.41,2165.01
ORD-00383,2024-12-31,Customer_246,Consumer,Mouse,Technology,North,6,0.2,5577.27,8.67
ORD-00384,2024-04-22,Customer_086,Corporate,Table,Furniture,South,5,0.2,53074.4,-2072.83
ORD-00385,2025-01-08,Customer_115,Home Office,Monitor,Technology,South,3,0.2,47407.2,-200.93
ORD-00386,2025-08-21,Customer_118,Consumer,Laptop,Technology,West,7,0.2,377741.16,8478.87
ORD-00387,2025-08-15,Customer_141,Corporate,Keyboard,Technology,East,1,0.2,1891.98,95.94
ORD-00388,2025-12-10,Customer_075,Consumer,Cabinet,Furniture,West,3,0.0,38596.06,7640.02
ORD-00389,2025-12-24,Customer_167,Consumer,Mouse,Technology,East,3,0.1,3439.23,493.07
ORD-00390,2024-05-02,Customer_236,Corporate,Printer Paper,Office Supplies,South,6,0.0,2642.47,680.09
ORD-00391,2024-08-06,Customer_101,Corporate,Notebook,Office Supplies,East,1,0.05,235.6,61.59
ORD-00392,2025-05-30,Customer_028,Corporate,Mouse,Technology,South,7,0.2,6283.17,27.3
ORD-00393,2025-07-25,Customer_056,Consumer,Pen Set,Office Supplies,South,6,0.1,881.2,191.73
ORD-00394,2025-09-03,Customer_265,Consumer,Headphones,Technology,East,4,0.2,12028.09,114.54
ORD-00395,2025-01-18,Customer_276,Corporate,Cabinet,Furniture,East,6,0.0,69347.01,14427.43
ORD-00396,2024-11-21,Customer_253,Corporate,Table,Furniture,East,1,0.25,9789.74,-1170.17
ORD-00397,2024-02-05,Customer_107,Corporate,Webcam,Technology,North,5,0.15,12785.82,1278.46
ORD-00398,2024-03-26,Customer_192,Consumer,Office Chair,Furniture,South,1,0.05,8065.44,996.82
ORD-00399,2025-01-28,Customer_116,Home Office,Headphones,Technology,East,4,0.2,10248.31,64.49
ORD-00400,2025-09-10,Customer_189,Corporate,Webcam,Technology,West,4,0.05,11809.23,1903.49
ORD-00401,2024-12-25,Customer_179,Consumer,Table,Furniture,North,4,0.0,53141.37,10162.33
ORD-00402,2024-05-14,Customer_014,Consumer,Cabinet,Furniture,West,1,0.2,9971.53,126.88
ORD-00403,2025-02-11,Customer_180,Consumer,Office Chair,Furniture,South,6,0.1,52714.6,5501.05
ORD-00404,2024-02-09,Customer_295,Home Office,Stapler,Office Supplies,East,7,0.2,1668.31,200.47
ORD-00405,2025-06-21,Customer_136,Consumer,Folders,Office Supplies,East,7,0.1,1476.48,277.92
ORD-00406,2025-04-19,Customer_112,Consumer,Cabinet,Furniture,West,4,0.0,50754.63,9358.92
ORD-00407,2024-06-28,Customer_177,Consumer,Bookshelf,Furniture,West,3,0.05,20812.79,2463.61
ORD-00408,2024-10-04,Customer_245,Consumer,Pen Set,Office Supplies,East,3,0.05,539.47,116.23
ORD-00409,2024-11-11,Customer_138,Corporate,Cabinet,Furniture,West,1,0.1,10854.61,1109.07
ORD-00410,2024-10-29,Customer_124,Consumer,Office Chair,Furniture,South,6,0.1,52786.51,6476.54
ORD-00411,2024-11-30,Customer_075,Consumer,Stapler,Office Supplies,West,4,0.0,1132.03,331.67
ORD-00412,2025-01-21,Customer_049,Consumer,Keyboard,Technology,South,1,0.0,2524.84,582.39
ORD-00413,2024-06-10,Customer_283,Consumer,Bookshelf,Furniture,South,4,0.0,29611.9,6016.74
ORD-00414,2025-03-26,Customer_297,Corporate,Folders,Office Supplies,East,4,0.0,963.51,286.21
ORD-00415,2024-11-02,Customer_280,Consumer,Stapler,Office Supplies,East,4,0.0,1319.3,378.59
ORD-00416,2025-12-07,Customer_277,Consumer,Stapler,Office Supplies,South,3,0.15,796.27,140.71
ORD-00417,2025-05-06,Customer_047,Consumer,Bookshelf,Furniture,North,3,0.05,24416.03,4126.02
ORD-00418,2025-12-30,Customer_049,Consumer,Headphones,Technology,West,7,0.15,18992.36,1438.89
ORD-00419,2025-03-05,Customer_210,Consumer,Headphones,Technology,South,3,0.15,8403.13,653.08
ORD-00420,2025-05-01,Customer_097,Consumer,Folders,Office Supplies,West,6,0.0,1252.58,385.99
ORD-00421,2024-06-11,Customer_051,Home Office,Webcam,Technology,West,7,0.05,19623.93,3737.99
ORD-00422,2025-11-30,Customer_047,Home Office,Cabinet,Furniture,North,7,0.2,62468.41,-3679.22
ORD-00423,2024-09-02,Customer_004,Consumer,Printer Paper,Office Supplies,North,4,0.05,1851.59,414.91
ORD-00424,2024-03-14,Customer_078,Corporate,Table,Furniture,West,1,0.1,12147.55,1271.51
ORD-00425,2024-05-13,Customer_196,Consumer,Mouse,Technology,West,2,0.0,2606.69,572.54
ORD-00426,2025-04-22,Customer_215,Corporate,Table,Furniture,North,2,0.2,22908.95,-156.1
ORD-00427,2025-03-18,Customer_073,Consumer,Notebook,Office Supplies,East,6,0.0,1514.67,453.74
ORD-00428,2025-07-31,Customer_093,Home Office,Mouse,Technology,East,1,0.1,1093.61,147.87
ORD-00429,2024-06-02,Customer_030,Home Office,Stapler,Office Supplies,North,6,0.2,1467.1,173.66
ORD-00430,2024-03-02,Customer_177,Corporate,Headphones,Technology,North,5,0.0,16028.27,3275.34
ORD-00431,2025-10-11,Customer_210,Corporate,Monitor,Technology,South,4,0.05,71258.36,10653.92
ORD-00432,2024-08-26,Customer_118,Consumer,Laptop,Technology,East,3,0.2,155196.37,3023.69
ORD-00433,2024-04-13,Customer_258,Consumer,Monitor,Technology,South,6,0.15,89559.87,5469.46
ORD-00434,2024-07-04,Customer_296,Consumer,Office Chair,Furniture,South,2,0.15,15660.42,1151.0
ORD-00435,2025-04-08,Customer_278,Consumer,Monitor,Technology,East,2,0.2,28496.93,157.81
ORD-00436,2024-12-02,Customer_276,Corporate,Webcam,Technology,North,5,0.05,15351.69,3152.97
ORD-00437,2025-07-25,Customer_149,Corporate,Stapler,Office Supplies,North,7,0.15,1660.64,285.99
ORD-00438,2025-03-12,Customer_074,Consumer,Desk,Furniture,North,1,0.2,11697.41,-240.67
ORD-00439,2024-05-12,Customer_135,Corporate,Printer Paper,Office Supplies,East,1,0.0,491.76,128.75
ORD-00440,2025-09-26,Customer_102,Home Office,Cabinet,Furniture,North,5,0.15,52109.84,2775.01
ORD-00441,2024-03-24,Customer_235,Corporate,Monitor,Technology,North,3,0.2,41612.62,1996.98
ORD-00442,2025-02-03,Customer_263,Home Office,Bookshelf,Furniture,East,3,0.25,19260.94,-2580.36
ORD-00443,2024-02-04,Customer_118,Consumer,Keyboard,Technology,West,3,0.05,6654.67,992.74
ORD-00444,2025-12-01,Customer_193,Corporate,Monitor,Technology,North,3,0.15,44352.93,3175.82
ORD-00445,2025-11-15,Customer_077,Consumer,Office Chair,Furniture,North,5,0.15,39446.83,1540.51
ORD-00446,2024-04-26,Customer_082,Corporate,Cabinet,Furniture,North,6,0.05,63778.62,9465.83
ORD-00447,2024-11-27,Customer_058,Consumer,Pen Set,Office Supplies,West,5,0.1,749.88,140.91
ORD-00448,2024-11-07,Customer_030,Home Office,Folders,Office Supplies,North,4,0.0,918.96,243.49
ORD-00449,2024-02-11,Customer_113,Corporate,Table,Furniture,East,1,0.05,12430.24,1275.23
ORD-00450,2025-08-26,Customer_221,Corporate,Laptop,Technology,South,1,0.15,59210.7,6250.66
ORD-00451,2025-03-12,Customer_038,Consumer,Office Chair,Furniture,North,6,0.05,49573.75,8254.95
ORD-00452,2025-10-30,Customer_295,Consumer,Notebook,Office Supplies,West,6,0.25,1044.58,24.54
ORD-00453,2025-05-19,Customer_057,Consumer,Mouse,Technology,North,1,0.0,1224.99,232.3
ORD-00454,2025-06-02,Customer_204,Home Office,Cabinet,Furniture,North,4,0.0,51523.25,9731.56
ORD-00455,2025-01-05,Customer_078,Home Office,Notebook,Office Supplies,North,6,0.1,1261.92,288.11
ORD-00456,2025-06-14,Customer_043,Home Office,Notebook,Office Supplies,West,2,0.05,446.03,120.78
ORD-00457,2025-05-25,Customer_117,Corporate,Mouse,Technology,South,6,0.1,5953.95,936.57
ORD-00458,2025-07-09,Customer_276,Home Office,Table,Furniture,East,6,0.15,77515.25,3234.14
ORD-00459,2024-02-15,Customer_029,Consumer,Laptop,Technology,North,7,0.05,449649.86,71879.38
ORD-00460,2024-04-16,Customer_107,Corporate,Printer Paper,Office Supplies,East,2,0.0,860.51,249.34
ORD-00461,2025-08-15,Customer_209,Corporate,Pen Set,Office Supplies,East,3,0.0,573.25,154.66
ORD-00462,2025-04-18,Customer_132,Consumer,Office Chair,Furniture,South,2,0.0,18065.9,3725.99
ORD-00463,2024-04-06,Customer_086,Home Office,Office Chair,Furniture,North,2,0.05,16491.52,1803.21
ORD-00464,2025-11-01,Customer_035,Consumer,Printer Paper,Office Supplies,East,1,0.1,392.49,70.91
ORD-00465,2024-12-10,Customer_166,Home Office,Table,Furniture,South,4,0.05,53082.7,8959.94
ORD-00466,2024-03-15,Customer_170,Consumer,Headphones,Technology,North,2,0.0,6411.04,1331.97
ORD-00467,2024-12-14,Customer_069,Consumer,Laptop,Technology,North,1,0.05,65003.13,9704.2
ORD-00468,2025-12-01,Customer_193,Corporate,Laptop,Technology,West,2,0.15,115011.03,6771.28
ORD-00469,2025-01-24,Customer_032,Consumer,Keyboard,Technology,South,7,0.15,13487.49,1332.89
ORD-00470,2024-05-19,Customer_189,Corporate,Laptop,Technology,North,1,0.1,53705.01,7408.75
ORD-00471,2025-06-09,Customer_148,Corporate,Desk,Furniture,East,4,0.1,59036.01,4144.79
ORD-00472,2024-12-15,Customer_283,Consumer,Printer Paper,Office Supplies,West,1,0.05,406.63,86.14
ORD-00473,2024-02-04,Customer_008,Consumer,Headphones,Technology,South,2,0.15,5440.16,274.93
ORD-00474,2025-02-02,Customer_088,Corporate,Folders,Office Supplies,East,4,0.0,921.79,279.25
ORD-00475,2024-08-15,Customer_131,Consumer,Laptop,Technology,West,7,0.15,410059.34,30629.61
ORD-00476,2024-10-23,Customer_152,Home Office,Webcam,Technology,West,7,0.05,21722.14,4208.19
ORD-00477,2024-06-26,Customer_106,Consumer,Notebook,Office Supplies,North,2,0.1,484.48,103.34
ORD-00478,2024-09-05,Customer_048,Home Office,Printer Paper,Office Supplies,North,3,0.0,1350.81,364.85
ORD-00479,2025-03-06,Customer_118,Corporate,Stapler,Office Supplies,North,3,0.0,830.9,254.73
ORD-00480,2024-12-27,Customer_169,Consumer,Monitor,Technology,North,4,0.1,67106.14,8170.66
ORD-00481,2024-09-09,Customer_179,Corporate,Pen Set,Office Supplies,North,7,0.05,1156.38,266.36
ORD-00482,2024-04-08,Customer_268,Consumer,Mouse,Technology,South,1,0.0,1285.24,309.77
ORD-00483,2024-11-05,Customer_275,Consumer,Bookshelf,Furniture,East,5,0.1,39270.73,4101.16
ORD-00484,2025-11-04,Customer_061,Corporate,Webcam,Technology,South,4,0.15,10299.92,512.1
ORD-00485,2024-07-15,Customer_210,Consumer,Bookshelf,Furniture,North,3,0.25,16302.04,-1864.37
ORD-00486,2024-02-24,Customer_208,Consumer,Folders,Office Supplies,West,1,0.15,170.87,22.26
ORD-00487,2025-10-24,Customer_244,Home Office,Bookshelf,Furniture,South,6,0.1,41054.78,3631.43
ORD-00488,2025-04-25,Customer_154,Consumer,Notebook,Office Supplies,West,4,0.0,959.9,283.59
ORD-00489,2025-07-28,Customer_256,Consumer,Cabinet,Furniture,North,1,0.2,9297.16,-353.65
ORD-00490,2024-04-22,Customer_026,Corporate,Keyboard,Technology,South,5,0.2,10848.58,-0.93
ORD-00491,2025-02-11,Customer_075,Home Office,Printer Paper,Office Supplies,North,4,0.0,1822.3,528.22
ORD-00492,2024-01-06,Customer_080,Corporate,Desk,Furniture,South,3,0.05,38820.69,5675.91
ORD-00493,2024-09-02,Customer_227,Corporate,Webcam,Technology,North,5,0.05,15166.68,2522.88
ORD-00494,2024-01-01,Customer_298,Consumer,Printer Paper,Office Supplies,East,2,0.2,783.01,55.62
ORD-00495,2025-08-01,Customer_237,Consumer,Laptop,Technology,North,4,0.0,248986.36,50872.25
ORD-00496,2025-03-28,Customer_094,Consumer,Headphones,Technology,North,4,0.25,10372.35,-369.26
ORD-00497,2024-10-25,Customer_130,Corporate,Printer Paper,Office Supplies,South,5,0.2,1947.26,134.14
ORD-00498,2024-11-18,Customer_252,Corporate,Mouse,Technology,South,1,0.15,1060.8,67.91
ORD-00499,2025-06-28,Customer_150,Consumer,Headphones,Technology,South,5,0.15,13394.87,753.07
ORD-00500,2024-04-04,Customer_216,Home Office,Cabinet,Furniture,South,2,0.2,18785.44,-1015.25
ORD-00501,2025-02-20,Customer_194,Consumer,Printer Paper,Office Supplies,West,5,0.15,1938.17,296.88
ORD-00502,2025-05-12,Customer_288,Consumer,Table,Furniture,East,4,0.15,52245.18,-56.22
ORD-00503,2025-07-05,Customer_052,Corporate,Table,Furniture,West,6,0.1,79612.49,6955.63
ORD-00504,2024-03-21,Customer_152,Consumer,Table,Furniture,West,6,0.1,69681.83,7953.68
ORD-00505,2024-12-19,Customer_005,Consumer,Table,Furniture,West,7,0.1,82279.64,6083.55
ORD-00506,2024-06-15,Customer_047,Corporate,Headphones,Technology,East,6,0.05,21501.29,3785.32
ORD-00507,2024-06-13,Customer_142,Consumer,Table,Furniture,South,5,0.1,69270.36,8104.05
ORD-00508,2025-09-22,Customer_104,Corporate,Webcam,Technology,South,2,0.1,5175.87,582.78
ORD-00509,2025-11-06,Customer_155,Corporate,Printer Paper,Office Supplies,East,3,0.15,1148.4,144.16
ORD-00510,2025-12-11,Customer_259,Home Office,Notebook,Office Supplies,South,6,0.1,1441.04,306.03
ORD-00511,2024-04-12,Customer_134,Consumer,Headphones,Technology,West,7,0.05,22749.06,3592.57
ORD-00512,2025-06-28,Customer_230,Consumer,Desk,Furniture,East,1,0.2,11764.08,-508.72
ORD-00513,2025-08-07,Customer_146,Consumer,Table,Furniture,West,1,0.2,10735.41,-535.89
ORD-00514,2025-08-11,Customer_014,Consumer,Monitor,Technology,North,2,0.25,28995.07,-2083.38
ORD-00515,2024-11-15,Customer_040,Consumer,Webcam,Technology,North,2,0.1,5097.65,525.75
ORD-00516,2024-04-14,Customer_060,Consumer,Notebook,Office Supplies,East,5,0.05,1224.56,309.28
ORD-00517,2025-10-11,Customer_209,Corporate,Cabinet,Furniture,North,5,0.1,50325.18,5131.47
ORD-00518,2025-03-29,Customer_136,Consumer,Webcam,Technology,East,6,0.2,14885.12,301.71
ORD-00519,2025-05-05,Customer_057,Corporate,Folders,Office Supplies,North,2,0.0,480.93,131.92
ORD-00520,2025-03-05,Customer_247,Consumer,Printer Paper,Office Supplies,South,4,0.05,1814.15,435.43
ORD-00521,2024-01-23,Customer_053,Home Office,Desk,Furniture,East,5,0.0,78838.17,14966.41
ORD-00522,2024-06-29,Customer_090,Home Office,Keyboard,Technology,South,6,0.05,13706.36,2719.97
ORD-00523,2024-03-01,Customer_126,Consumer,Pen Set,Office Supplies,West,7,0.2,918.75,110.88
ORD-00524,2025-10-11,Customer_073,Corporate,Folders,Office Supplies,South,3,0.1,559.69,125.24
ORD-00525,2025-02-24,Customer_184,Consumer,Pen Set,Office Supplies,North,6,0.05,994.37,223.22
ORD-00526,2024-08-23,Customer_084,Corporate,Folders,Office Supplies,South,3,0.0,691.4,206.69
ORD-00527,2024-12-21,Customer_029,Consumer,Printer Paper,Office Supplies,East,6,0.05,2797.02,657.65
ORD-00528,2024-01-29,Customer_028,Corporate,Desk,Furniture,East,5,0.1,70901.33,6697.25
ORD-00529,2024-02-04,Customer_130,Consumer,Monitor,Technology,East,1,0.2,13662.9,262.65
ORD-00530,2024-02-14,Customer_100,Consumer,Stapler,Office Supplies,East,5,0.15,1259.45,172.63
ORD-00531,2025-07-07,Customer_227,Home Office,Folders,Office Supplies,North,5,0.2,938.5,78.29
ORD-00532,2025-11-13,Customer_192,Consumer,Table,Furniture,West,2,0.1,26969.23,2532.19
ORD-00533,2025-08-06,Customer_075,Home Office,Folders,Office Supplies,West,5,0.15,983.04,121.28
ORD-00534,2025-02-22,Customer_051,Corporate,Webcam,Technology,South,7,0.25,14978.31,-879.2
ORD-00535,2024-11-18,Customer_057,Consumer,Stapler,Office Supplies,West,4,0.2,962.07,124.6
ORD-00536,2024-07-01,Customer_093,Home Office,Headphones,Technology,North,6,0.05,18293.59,3259.73
ORD-00537,2025-07-02,Customer_104,Consumer,Printer Paper,Office Supplies,North,3,0.05,1225.59,264.93
ORD-00538,2025-12-22,Customer_027,Consumer,Laptop,Technology,North,3,0.05,168889.25,27004.88
ORD-00539,2024-09-03,Customer_190,Corporate,Printer Paper,Office Supplies,North,3,0.25,1105.91,28.89
ORD-00540,2025-08-01,Customer_212,Consumer,Table,Furniture,South,4,0.0,58889.84,8816.03
ORD-00541,2025-09-02,Customer_068,Home Office,Office Chair,Furniture,South,3,0.1,26379.39,1459.93
ORD-00542,2024-09-11,Customer_067,Corporate,Office Chair,Furniture,West,1,0.05,7734.83,1243.51
ORD-00543,2025-04-21,Customer_234,Corporate,Mouse,Technology,North,4,0.1,4124.3,688.43
ORD-00544,2024-08-16,Customer_007,Consumer,Monitor,Technology,North,2,0.0,37195.92,7882.33
ORD-00545,2025-08-05,Customer_042,Corporate,Table,Furniture,South,6,0.15,65139.58,2646.5
ORD-00546,2024-11-08,Customer_206,Consumer,Keyboard,Technology,West,2,0.2,4214.81,63.37
ORD-00547,2024-01-23,Customer_164,Corporate,Mouse,Technology,East,3,0.05,3302.24,496.44
ORD-00548,2024-12-13,Customer_125,Corporate,Cabinet,Furniture,East,6,0.1,62082.41,5790.61
ORD-00549,2024-01-30,Customer_085,Corporate,Stapler,Office Supplies,West,4,0.15,1049.12,149.6
ORD-00550,2025-12-01,Customer_220,Corporate,Mouse,Technology,North,3,0.15,2898.6,284.82
ORD-00551,2024-07-21,Customer_118,Consumer,Bookshelf,Furniture,East,6,0.15,38514.3,454.85
ORD-00552,2025-05-30,Customer_141,Consumer,Keyboard,Technology,East,1,0.0,2587.95,594.59
ORD-00553,2024-08-24,Customer_078,Corporate,Webcam,Technology,East,1,0.15,2533.19,232.67
ORD-00554,2024-03-22,Customer_300,Consumer,Pen Set,Office Supplies,North,5,0.1,729.31,124.72
ORD-00555,2024-11-01,Customer_275,Corporate,Laptop,Technology,West,4,0.15,219392.26,10426.25
ORD-00556,2025-12-21,Customer_279,Home Office,Laptop,Technology,East,6,0.05,344006.14,57868.76
ORD-00557,2025-01-16,Customer_187,Home Office,Bookshelf,Furniture,East,7,0.05,52136.71,8453.98
ORD-00558,2024-04-14,Customer_212,Home Office,Office Chair,Furniture,South,6,0.1,47378.86,3629.58
ORD-00559,2025-10-05,Customer_246,Corporate,Headphones,Technology,South,5,0.1,15669.77,1692.28
ORD-00560,2024-10-16,Customer_156,Consumer,Keyboard,Technology,East,3,0.1,6966.62,962.45
ORD-00561,2025-09-24,Customer_277,Consumer,Desk,Furniture,West,2,0.05,28842.33,3873.92
ORD-00562,2024-04-11,Customer_160,Home Office,Folders,Office Supplies,North,5,0.15,936.9,172.75
ORD-00563,2024-07-11,Customer_195,Consumer,Bookshelf,Furniture,North,3,0.1,19842.7,2381.31
ORD-00564,2024-05-19,Customer_054,Corporate,Notebook,Office Supplies,West,6,0.2,1130.34,146.31
ORD-00565,2024-08-03,Customer_288,Consumer,Folders,Office Supplies,West,3,0.25,516.28,37.74
ORD-00566,2025-12-23,Customer_032,Home Office,Mouse,Technology,North,5,0.1,5200.78,826.95
ORD-00567,2024-07-18,Customer_028,Consumer,Headphones,Technology,West,3,0.1,8803.94,1215.31
ORD-00568,2025-11-27,Customer_157,Consumer,Laptop,Technology,East,7,0.05,395626.48,78532.25
ORD-00569,2024-04-11,Customer_196,Consumer,Notebook,Office Supplies,East,7,0.0,1729.36,476.13
ORD-00570,2024-09-28,Customer_067,Consumer,Monitor,Technology,North,4,0.1,71156.13,7039.16
ORD-00571,2024-11-04,Customer_098,Consumer,Folders,Office Supplies,East,6,0.05,1132.14,301.88
ORD-00572,2024-09-04,Customer_215,Consumer,Printer Paper,Office Supplies,East,5,0.05,2287.92,589.85
ORD-00573,2024-05-14,Customer_046,Consumer,Mouse,Technology,East,6,0.0,7361.6,1728.06
ORD-00574,2025-11-09,Customer_170,Consumer,Notebook,Office Supplies,North,3,0.1,641.33,130.2
ORD-00575,2025-06-10,Customer_059,Consumer,Notebook,Office Supplies,South,7,0.05,1796.29,402.6
ORD-00576,2025-04-20,Customer_145,Corporate,Webcam,Technology,South,5,0.25,11274.47,-315.02
ORD-00577,2025-02-02,Customer_118,Consumer,Stapler,Office Supplies,North,1,0.05,304.77,76.03
ORD-00578,2024-11-18,Customer_041,Corporate,Headphones,Technology,West,5,0.25,13073.97,-261.68
ORD-00579,2024-07-12,Customer_216,Consumer,Desk,Furniture,South,1,0.25,11630.33,-1133.48
ORD-00580,2025-08-27,Customer_088,Home Office,Bookshelf,Furniture,East,2,0.25,11748.28,-1404.86
ORD-00581,2025-05-28,Customer_176,Consumer,Table,Furniture,East,4,0.0,59238.39,11512.73
ORD-00582,2025-10-26,Customer_118,Consumer,Stapler,Office Supplies,West,6,0.15,1505.42,263.41
ORD-00583,2024-10-23,Customer_173,Corporate,Laptop,Technology,West,4,0.0,257436.06,58732.75
ORD-00584,2025-06-16,Customer_163,Consumer,Desk,Furniture,South,4,0.25,45353.48,-4697.21
ORD-00585,2024-05-10,Customer_230,Consumer,Laptop,Technology,East,6,0.2,292434.81,13714.26
ORD-00586,2025-03-07,Customer_207,Corporate,Monitor,Technology,North,3,0.25,38839.83,-2066.62
ORD-00587,2024-08-11,Customer_029,Home Office,Bookshelf,Furniture,South,5,0.15,35549.54,115.2
ORD-00588,2024-08-22,Customer_232,Home Office,Bookshelf,Furniture,South,7,0.1,53100.0,5618.41
ORD-00589,2025-09-23,Customer_146,Consumer,Printer Paper,Office Supplies,South,4,0.25,1430.52,14.7
ORD-00590,2025-12-28,Customer_156,Consumer,Desk,Furniture,South,1,0.1,14305.77,845.55
ORD-00591,2025-04-02,Customer_154,Consumer,Cabinet,Furniture,West,1,0.1,9764.0,865.74
ORD-00592,2025-06-01,Customer_118,Corporate,Webcam,Technology,West,5,0.1,12240.41,1731.35
ORD-00593,2024-07-05,Customer_208,Consumer,Bookshelf,Furniture,South,1,0.1,7078.58,758.2
ORD-00594,2024-11-15,Customer_175,Consumer,Bookshelf,Furniture,South,6,0.0,51913.88,10805.18
ORD-00595,2024-05-31,Customer_085,Corporate,Printer Paper,Office Supplies,North,5,0.2,1762.69,158.66
ORD-00596,2024-01-15,Customer_161,Consumer,Monitor,Technology,East,3,0.1,53090.78,6317.4
ORD-00597,2024-08-03,Customer_167,Corporate,Webcam,Technology,South,1,0.15,2797.79,198.78
ORD-00598,2025-06-13,Customer_210,Consumer,Folders,Office Supplies,North,7,0.1,1502.09,270.92
ORD-00599,2024-04-07,Customer_148,Consumer,Office Chair,Furniture,West,7,0.0,65818.35,11621.23
ORD-00600,2024-07-23,Customer_036,Corporate,Table,Furniture,West,7,0.2,73304.08,557.57
ORD-00601,2025-08-11,Customer_185,Consumer,Pen Set,Office Supplies,North,1,0.2,151.23,18.5
ORD-00602,2024-11-23,Customer_210,Consumer,Notebook,Office Supplies,East,6,0.05,1410.57,374.56
ORD-00603,2024-05-15,Customer_022,Corporate,Bookshelf,Furniture,North,3,0.25,18664.3,-1222.42
ORD-00604,2024-09-01,Customer_066,Consumer,Laptop,Technology,East,6,0.2,318439.97,15997.25
ORD-00605,2024-07-05,Customer_010,Home Office,Printer Paper,Office Supplies,South,5,0.2,1898.28,248.99
ORD-00606,2024-10-07,Customer_162,Home Office,Office Chair,Furniture,South,4,0.15,32332.04,322.37
ORD-00607,2025-01-06,Customer_080,Corporate,Keyboard,Technology,South,3,0.2,5424.94,264.36
ORD-00608,2024-09-05,Customer_057,Consumer,Table,Furniture,South,2,0.1,26944.75,3238.32
ORD-00609,2024-12-05,Customer_084,Home Office,Notebook,Office Supplies,East,7,0.25,1414.27,80.13
ORD-00610,2025-05-15,Customer_127,Corporate,Table,Furniture,West,3,0.2,35569.49,-1638.64
ORD-00611,2024-12-15,Customer_259,Home Office,Table,Furniture,South,5,0.05,60409.48,8663.9
ORD-00612,2024-07-30,Customer_003,Corporate,Folders,Office Supplies,West,7,0.05,1496.8,395.98
ORD-00613,2024-04-24,Customer_065,Home Office,Webcam,Technology,West,7,0.25,16079.96,-87.11
ORD-00614,2024-02-24,Customer_243,Corporate,Laptop,Technology,North,4,0.1,231418.31,29423.15
ORD-00615,2025-05-17,Customer_215,Consumer,Printer Paper,Office Supplies,South,2,0.25,654.79,50.72
ORD-00616,2025-02-08,Customer_282,Consumer,Laptop,Technology,South,6,0.15,332849.55,20128.52
ORD-00617,2025-08-21,Customer_186,Consumer,Monitor,Technology,West,4,0.25,57108.89,-3964.63
ORD-00618,2025-08-24,Customer_186,Corporate,Pen Set,Office Supplies,East,1,0.0,169.26,46.89
ORD-00619,2025-06-25,Customer_277,Home Office,Laptop,Technology,North,2,0.0,141432.73,34931.13
ORD-00620,2025-09-05,Customer_006,Consumer,Printer Paper,Office Supplies,North,2,0.0,902.03,236.38
ORD-00621,2024-03-31,Customer_071,Corporate,Notebook,Office Supplies,North,1,0.2,217.99,17.62
ORD-00622,2025-01-14,Customer_055,Home Office,Table,Furniture,East,4,0.0,57746.67,12091.69
ORD-00623,2025-05-19,Customer_095,Home Office,Table,Furniture,North,4,0.1,52836.24,5687.16
ORD-00624,2025-04-26,Customer_224,Home Office,Printer Paper,Office Supplies,West,7,0.0,3134.46,861.62
ORD-00625,2024-11-11,Customer_036,Consumer,Office Chair,Furniture,East,7,0.1,52908.28,4353.81
ORD-00626,2025-06-12,Customer_269,Consumer,Monitor,Technology,South,6,0.0,108475.14,25082.22
ORD-00627,2024-12-10,Customer_275,Home Office,Monitor,Technology,North,4,0.05,63670.05,10472.94
ORD-00628,2024-05-26,Customer_156,Corporate,Mouse,Technology,East,2,0.15,1982.61,172.14
ORD-00629,2025-07-06,Customer_234,Consumer,Office Chair,Furniture,South,6,0.2,45330.63,653.09
ORD-00630,2024-12-07,Customer_276,Corporate,Desk,Furniture,West,4,0.1,58050.25,6584.13
ORD-00631,2024-02-08,Customer_046,Corporate,Desk,Furniture,East,2,0.05,30068.83,4042.6
ORD-00632,2024-01-02,Customer_092,Corporate,Notebook,Office Supplies,South,3,0.05,728.69,188.42
ORD-00633,2024-10-03,Customer_042,Consumer,Bookshelf,Furniture,South,4,0.05,27541.38,4133.73
ORD-00634,2025-08-29,Customer_173,Consumer,Folders,Office Supplies,West,6,0.15,1195.77,204.25
ORD-00635,2024-08-08,Customer_095,Consumer,Monitor,Technology,South,2,0.2,31173.05,1728.5
ORD-00636,2024-10-05,Customer_167,Consumer,Printer Paper,Office Supplies,East,2,0.0,961.6,243.01
ORD-00637,2025-04-27,Customer_101,Corporate,Cabinet,Furniture,West,2,0.0,24403.5,5121.12
ORD-00638,2024-11-03,Customer_099,Consumer,Folders,Office Supplies,East,3,0.25,462.82,30.91
ORD-00639,2025-04-25,Customer_071,Home Office,Office Chair,Furniture,South,7,0.25,45157.93,-4798.92
ORD-00640,2024-12-27,Customer_161,Corporate,Laptop,Technology,West,3,0.05,197420.81,29231.47
ORD-00641,2025-04-09,Customer_073,Corporate,Bookshelf,Furniture,West,5,0.2,30593.29,-1456.79
ORD-00642,2024-07-29,Customer_158,Corporate,Laptop,Technology,West,7,0.2,400118.06,22261.59
ORD-00643,2024-09-18,Customer_149,Consumer,Monitor,Technology,North,1,0.2,15179.21,949.15
ORD-00644,2025-03-27,Customer_040,Consumer,Printer Paper,Office Supplies,West,1,0.1,397.84,87.52
ORD-00645,2024-08-22,Customer_155,Corporate,Cabinet,Furniture,North,6,0.2,53245.61,353.04
ORD-00646,2024-11-10,Customer_229,Consumer,Monitor,Technology,East,5,0.05,78399.65,14473.31
ORD-00647,2025-09-12,Customer_168,Corporate,Stapler,Office Supplies,West,1,0.15,264.25,45.17
ORD-00648,2025-07-16,Customer_197,Consumer,Printer Paper,Office Supplies,East,5,0.1,2026.28,458.42
ORD-00649,2025-09-23,Customer_110,Consumer,Mouse,Technology,South,1,0.0,1087.11,205.95
ORD-00650,2024-09-16,Customer_295,Consumer,Printer Paper,Office Supplies,North,5,0.05,2233.99,570.15
ORD-00651,2025-05-13,Customer_203,Consumer,Laptop,Technology,South,4,0.05,259157.55,41783.72
ORD-00652,2024-01-18,Customer_298,Corporate,Cabinet,Furniture,South,5,0.05,54426.32,6269.49
ORD-00653,2025-04-27,Customer_012,Corporate,Laptop,Technology,East,2,0.1,118775.53,17455.41
ORD-00654,2024-04-28,Customer_255,Consumer,Webcam,Technology,West,4,0.05,12132.73,2506.57
ORD-00655,2024-02-24,Customer_238,Corporate,Printer Paper,Office Supplies,East,5,0.2,1973.25,172.89
ORD-00656,2025-01-04,Customer_194,Home Office,Cabinet,Furniture,North,1,0.2,9092.07,-224.87
ORD-00657,2024-05-27,Customer_294,Consumer,Stapler,Office Supplies,North,1,0.1,252.82,53.29
ORD-00658,2025-03-30,Customer_296,Home Office,Keyboard,Technology,South,5,0.15,11049.84,1054.52
ORD-00659,2024-06-07,Customer_292,Consumer,Folders,Office Supplies,West,1,0.2,169.09,14.78
ORD-00660,2024-08-23,Customer_041,Consumer,Printer Paper,Office Supplies,West,5,0.1,2003.37,399.11
ORD-00661,2025-11-16,Customer_270,Corporate,Monitor,Technology,East,7,0.0,129095.84,25585.97
ORD-00662,2024-05-22,Customer_082,Consumer,Pen Set,Office Supplies,South,3,0.1,469.08,100.68
ORD-00663,2024-02-08,Customer_207,Consumer,Stapler,Office Supplies,West,1,0.0,283.26,84.2
ORD-00664,2024-12-11,Customer_082,Consumer,Laptop,Technology,North,3,0.25,158488.09,-2582.45
ORD-00665,2024-12-04,Customer_241,Home Office,Pen Set,Office Supplies,West,4,0.0,665.92,189.65
ORD-00666,2025-10-05,Customer_173,Consumer,Folders,Office Supplies,South,7,0.0,1597.33,408.94
ORD-00667,2024-03-01,Customer_123,Corporate,Bookshelf,Furniture,North,1,0.2,6195.64,-345.35
ORD-00668,2024-04-24,Customer_011,Consumer,Pen Set,Office Supplies,East,7,0.05,1235.33,325.87
ORD-00669,2024-04-06,Customer_263,Consumer,Laptop,Technology,South,6,0.25,265973.83,-16394.09
ORD-00670,2025-12-28,Customer_086,Consumer,Cabinet,Furniture,West,1,0.1,11570.2,835.68
ORD-00671,2024-06-27,Customer_257,Corporate,Keyboard,Technology,East,6,0.1,13955.18,1957.24
ORD-00672,2025-01-18,Customer_294,Corporate,Keyboard,Technology,North,4,0.1,8716.17,1238.55
ORD-00673,2024-08-04,Customer_129,Consumer,Laptop,Technology,West,4,0.0,252013.15,50826.2
ORD-00674,2025-03-22,Customer_171,Home Office,Desk,Furniture,South,4,0.05,55230.33,7213.19
ORD-00675,2024-04-18,Customer_163,Consumer,Mouse,Technology,South,2,0.05,2331.28,483.0
ORD-00676,2025-08-10,Customer_182,Consumer,Pen Set,Office Supplies,East,1,0.1,156.05,27.05
ORD-00677,2024-06-21,Customer_224,Home Office,Keyboard,Technology,East,3,0.15,5800.66,634.75
ORD-00678,2024-06-01,Customer_234,Consumer,Mouse,Technology,East,4,0.05,4169.29,873.03
ORD-00679,2025-03-26,Customer_034,Home Office,Bookshelf,Furniture,East,7,0.05,53517.08,7825.58
ORD-00680,2025-11-05,Customer_125,Corporate,Keyboard,Technology,West,4,0.25,6847.82,-520.1
ORD-00681,2025-01-02,Customer_153,Home Office,Mouse,Technology,West,6,0.1,6185.15,756.58
ORD-00682,2024-06-05,Customer_194,Corporate,Mouse,Technology,East,1,0.1,972.95,133.33
ORD-00683,2024-02-24,Customer_025,Consumer,Notebook,Office Supplies,West,4,0.05,979.54,248.52
ORD-00684,2025-10-30,Customer_291,Corporate,Table,Furniture,West,3,0.2,32383.0,-1472.35
ORD-00685,2025-05-14,Customer_006,Consumer,Office Chair,Furniture,North,6,0.05,55972.22,8371.17
ORD-00686,2024-05-16,Customer_253,Consumer,Monitor,Technology,West,5,0.2,71090.67,3392.4
ORD-00687,2024-12-03,Customer_219,Home Office,Office Chair,Furniture,South,7,0.1,57773.93,5403.93
ORD-00688,2025-01-12,Customer_153,Corporate,Bookshelf,Furniture,North,7,0.25,41395.44,-2110.84
ORD-00689,2024-12-31,Customer_166,Corporate,Monitor,Technology,East,7,0.15,102272.96,7184.38
ORD-00690,2024-10-27,Customer_054,Consumer,Cabinet,Furniture,West,6,0.1,68517.14,4047.94
ORD-00691,2024-08-06,Customer_223,Corporate,Mouse,Technology,North,5,0.05,6072.26,1256.65
ORD-00692,2024-03-30,Customer_264,Consumer,Office Chair,Furniture,West,1,0.1,7735.39,727.58
ORD-00693,2024-08-08,Customer_197,Consumer,Keyboard,Technology,North,1,0.0,2637.71,629.4
ORD-00694,2025-08-11,Customer_027,Consumer,Cabinet,Furniture,North,7,0.25,62534.39,-6548.89
ORD-00695,2024-07-22,Customer_266,Corporate,Office Chair,Furniture,East,1,0.05,9020.58,1133.35
ORD-00696,2024-08-02,Customer_133,Consumer,Notebook,Office Supplies,East,2,0.15,419.34,71.39
ORD-00697,2025-03-02,Customer_167,Corporate,Cabinet,Furniture,North,3,0.05,35434.15,5124.15
ORD-00698,2024-04-19,Customer_181,Corporate,Pen Set,Office Supplies,East,6,0.05,1099.84,243.24
ORD-00699,2025-05-22,Customer_300,Consumer,Notebook,Office Supplies,North,5,0.05,1135.37,278.87
ORD-00700,2025-05-20,Customer_067,Consumer,Desk,Furniture,East,1,0.1,14549.73,983.22
ORD-00701,2024-07-29,Customer_264,Consumer,Printer Paper,Office Supplies,East,7,0.15,2716.14,345.57
ORD-00702,2025-05-13,Customer_037,Consumer,Office Chair,Furniture,North,6,0.1,47505.46,2695.09
ORD-00703,2025-08-17,Customer_201,Corporate,Pen Set,Office Supplies,North,1,0.25,132.51,6.42
ORD-00704,2024-07-20,Customer_143,Home Office,Office Chair,Furniture,East,5,0.05,40322.76,5559.73
ORD-00705,2024-07-28,Customer_189,Corporate,Headphones,Technology,South,7,0.2,18623.57,275.25
ORD-00706,2024-09-22,Customer_190,Corporate,Office Chair,Furniture,West,7,0.05,64139.36,10755.17
ORD-00707,2025-12-19,Customer_241,Corporate,Mouse,Technology,East,4,0.15,4311.0,305.78
ORD-00708,2024-06-15,Customer_072,Corporate,Cabinet,Furniture,East,5,0.25,42550.08,-2991.35
ORD-00709,2024-06-26,Customer_215,Consumer,Table,Furniture,East,5,0.0,65227.0,11799.23
ORD-00710,2024-06-21,Customer_112,Consumer,Desk,Furniture,North,1,0.05,12913.79,1659.04
ORD-00711,2024-02-21,Customer_262,Consumer,Cabinet,Furniture,West,5,0.15,50102.14,1903.25
ORD-00712,2025-08-15,Customer_274,Home Office,Desk,Furniture,West,1,0.05,13710.61,2197.5
ORD-00713,2024-08-30,Customer_057,Corporate,Monitor,Technology,North,4,0.25,49713.47,51.09
ORD-00714,2025-05-28,Customer_179,Consumer,Table,Furniture,South,5,0.05,62089.58,8620.17
ORD-00715,2025-03-25,Customer_199,Consumer,Pen Set,Office Supplies,East,4,0.2,537.6,71.42
ORD-00716,2025-07-19,Customer_211,Corporate,Bookshelf,Furniture,East,6,0.1,40909.93,3541.68
ORD-00717,2025-06-14,Customer_088,Consumer,Monitor,Technology,West,1,0.1,16156.94,2041.29
ORD-00718,2025-11-02,Customer_264,Home Office,Printer Paper,Office Supplies,East,4,0.15,1571.31,228.69
ORD-00719,2024-08-23,Customer_008,Corporate,Printer Paper,Office Supplies,South,4,0.0,1926.59,589.78
ORD-00720,2025-03-24,Customer_269,Consumer,Printer Paper,Office Supplies,South,3,0.05,1381.13,312.36
ORD-00721,2024-04-20,Customer_120,Consumer,Monitor,Technology,North,4,0.05,75224.84,14797.1
ORD-00722,2024-04-26,Customer_068,Home Office,Folders,Office Supplies,West,6,0.1,1201.91,269.59
ORD-00723,2024-07-19,Customer_165,Corporate,Table,Furniture,East,5,0.15,54210.28,3299.72
ORD-00724,2024-08-08,Customer_277,Consumer,Notebook,Office Supplies,West,2,0.1,461.12,96.43
ORD-00725,2025-01-02,Customer_104,Consumer,Desk,Furniture,North,3,0.1,40546.44,2172.79
ORD-00726,2024-12-22,Customer_105,Consumer,Desk,Furniture,South,1,0.15,11919.88,345.86
ORD-00727,2024-02-07,Customer_125,Home Office,Bookshelf,Furniture,South,1,0.2,6292.88,-383.01
ORD-00728,2024-10-27,Customer_104,Corporate,Pen Set,Office Supplies,West,6,0.1,1068.19,209.84
ORD-00729,2025-04-14,Customer_259,Home Office,Headphones,Technology,West,7,0.15,19969.33,2344.1
ORD-00730,2025-08-25,Customer_050,Consumer,Stapler,Office Supplies,East,7,0.05,1998.99,443.16
ORD-00731,2025-03-22,Customer_281,Corporate,Office Chair,Furniture,South,3,0.0,29302.51,5079.41
ORD-00732,2024-02-09,Customer_187,Corporate,Stapler,Office Supplies,West,5,0.05,1405.52,335.66
ORD-00733,2024-01-31,Customer_065,Consumer,Printer Paper,Office Supplies,East,1,0.25,369.67,20.47
ORD-00734,2024-06-09,Customer_263,Consumer,Notebook,Office Supplies,East,3,0.1,614.98,141.11
ORD-00735,2025-09-07,Customer_169,Corporate,Pen Set,Office Supplies,South,1,0.05,185.69,46.86
ORD-00736,2025-10-16,Customer_269,Consumer,Webcam,Technology,North,5,0.05,14701.54,3028.69
ORD-00737,2024-06-07,Customer_002,Consumer,Printer Paper,Office Supplies,East,3,0.05,1305.46,319.6
ORD-00738,2025-12-24,Customer_038,Home Office,Monitor,Technology,West,4,0.1,66729.06,7816.95
ORD-00739,2025-06-28,Customer_100,Consumer,Desk,Furniture,South,7,0.15,91493.44,848.09
ORD-00740,2024-05-07,Customer_058,Consumer,Notebook,Office Supplies,East,2,0.0,500.42,139.3
ORD-00741,2024-10-07,Customer_203,Consumer,Cabinet,Furniture,East,2,0.0,25757.62,5442.94
ORD-00742,2025-10-15,Customer_183,Corporate,Printer Paper,Office Supplies,South,6,0.15,2121.69,299.34
ORD-00743,2025-12-12,Customer_104,Consumer,Webcam,Technology,North,2,0.2,4841.16,212.67
ORD-00744,2024-05-04,Customer_052,Consumer,Notebook,Office Supplies,West,3,0.0,682.81,174.28
ORD-00745,2024-02-23,Customer_074,Consumer,Laptop,Technology,East,7,0.25,369299.78,-11845.16
ORD-00746,2024-09-30,Customer_088,Consumer,Bookshelf,Furniture,North,3,0.0,22091.38,3888.25
ORD-00747,2024-03-16,Customer_133,Consumer,Notebook,Office Supplies,South,6,0.0,1351.33,402.27
ORD-00748,2025-08-07,Customer_122,Home Office,Monitor,Technology,West,2,0.1,33776.88,4206.35
ORD-00749,2024-03-19,Customer_170,Consumer,Notebook,Office Supplies,South,5,0.0,1198.32,348.92
ORD-00750,2024-12-02,Customer_153,Corporate,Pen Set,Office Supplies,West,1,0.05,157.42,35.04
ORD-00751,2024-02-15,Customer_242,Consumer,Keyboard,Technology,East,1,0.2,2150.33,36.64
ORD-00752,2024-11-07,Customer_196,Consumer,Bookshelf,Furniture,West,7,0.15,44314.31,245.06
ORD-00753,2024-02-06,Customer_261,Consumer,Pen Set,Office Supplies,South,7,0.25,943.19,4.67
ORD-00754,2025-08-25,Customer_115,Home Office,Table,Furniture,East,3,0.2,34119.72,-1467.63
ORD-00755,2025-06-17,Customer_091,Home Office,Notebook,Office Supplies,East,3,0.25,548.82,34.61
ORD-00756,2025-07-27,Customer_093,Corporate,Notebook,Office Supplies,North,6,0.15,1232.19,192.76
ORD-00757,2025-05-02,Customer_176,Corporate,Table,Furniture,South,7,0.25,69698.73,-5056.07
ORD-00758,2025-02-08,Customer_218,Corporate,Notebook,Office Supplies,East,6,0.05,1285.99,301.04
ORD-00759,2024-08-03,Customer_085,Consumer,Webcam,Technology,East,7,0.1,17958.45,2585.01
ORD-00760,2024-09-08,Customer_013,Consumer,Mouse,Technology,East,4,0.25,3532.96,-90.8
ORD-00761,2025-04-07,Customer_013,Home Office,Office Chair,Furniture,West,3,0.0,25090.51,4347.95
ORD-00762,2024-11-15,Customer_230,Consumer,Webcam,Technology,West,5,0.2,11392.21,586.19
ORD-00763,2025-07-20,Customer_200,Corporate,Desk,Furniture,South,6,0.2,68790.68,-815.45
ORD-00764,2025-09-26,Customer_090,Corporate,Notebook,Office Supplies,East,6,0.0,1567.02,416.32
ORD-00765,2024-05-28,Customer_226,Home Office,Mouse,Technology,West,3,0.15,3152.38,166.03
ORD-00766,2025-03-10,Customer_110,Consumer,Webcam,Technology,East,5,0.2,12347.05,715.8
ORD-00767,2025-10-19,Customer_286,Home Office,Notebook,Office Supplies,West,3,0.1,713.35,127.68
ORD-00768,2024-04-16,Customer_010,Home Office,Monitor,Technology,East,6,0.15,94557.9,6525.2
ORD-00769,2025-06-10,Customer_249,Consumer,Monitor,Technology,East,5,0.05,88863.67,14247.65
ORD-00770,2024-06-22,Customer_026,Corporate,Notebook,Office Supplies,South,5,0.05,1176.94,254.25
ORD-00771,2024-10-10,Customer_140,Home Office,Mouse,Technology,South,1,0.1,1060.92,155.27
ORD-00772,2025-05-17,Customer_205,Consumer,Monitor,Technology,South,4,0.05,66815.97,13507.79
ORD-00773,2025-06-16,Customer_050,Consumer,Mouse,Technology,South,2,0.05,2425.06,470.97
ORD-00774,2024-08-29,Customer_219,Consumer,Headphones,Technology,East,5,0.1,14273.52,1447.96
ORD-00775,2024-09-14,Customer_147,Consumer,Office Chair,Furniture,North,7,0.2,45421.39,-2746.3
ORD-00776,2025-11-24,Customer_279,Home Office,Mouse,Technology,West,5,0.15,4954.46,428.78
ORD-00777,2024-11-07,Customer_028,Corporate,Stapler,Office Supplies,South,2,0.2,451.6,30.73
ORD-00778,2024-04-04,Customer_246,Home Office,Notebook,Office Supplies,North,2,0.2,436.84,50.9
ORD-00779,2024-09-13,Customer_134,Corporate,Headphones,Technology,South,5,0.0,17760.62,3633.03
ORD-00780,2025-11-11,Customer_054,Corporate,Notebook,Office Supplies,West,2,0.15,398.81,72.79
ORD-00781,2024-03-21,Customer_222,Consumer,Cabinet,Furniture,East,6,0.0,76460.68,12277.49
ORD-00782,2025-01-13,Customer_190,Consumer,Office Chair,Furniture,West,3,0.0,29400.2,5855.72
ORD-00783,2024-04-03,Customer_136,Consumer,Stapler,Office Supplies,North,1,0.15,280.44,51.9
ORD-00784,2024-09-12,Customer_266,Consumer,Laptop,Technology,South,1,0.25,52460.12,-540.99
ORD-00785,2025-06-28,Customer_199,Consumer,Bookshelf,Furniture,East,7,0.05,51321.18,5745.59
ORD-00786,2025-12-04,Customer_008,Consumer,Desk,Furniture,West,2,0.05,26625.87,3630.99
ORD-00787,2025-04-02,Customer_109,Home Office,Office Chair,Furniture,South,4,0.0,35280.18,5688.6
ORD-00788,2024-03-14,Customer_141,Corporate,Mouse,Technology,South,1,0.05,1051.12,154.88
ORD-00789,2024-05-20,Customer_172,Consumer,Office Chair,Furniture,South,5,0.1,38471.41,3617.59
ORD-00790,2024-07-24,Customer_092,Home Office,Cabinet,Furniture,North,7,0.05,87054.9,10045.88
ORD-00791,2025-09-06,Customer_105,Corporate,Pen Set,Office Supplies,South,6,0.2,907.57,103.97
ORD-00792,2024-09-26,Customer_289,Consumer,Mouse,Technology,South,1,0.1,1101.26,139.21
ORD-00793,2024-07-30,Customer_187,Home Office,Mouse,Technology,East,5,0.15,5053.89,494.91
ORD-00794,2024-09-12,Customer_199,Consumer,Notebook,Office Supplies,South,2,0.2,384.22,43.05
ORD-00795,2024-04-18,Customer_110,Home Office,Cabinet,Furniture,South,2,0.0,22438.48,3401.94
ORD-00796,2025-04-28,Customer_059,Consumer,Pen Set,Office Supplies,East,6,0.2,803.18,108.15
ORD-00797,2025-09-21,Customer_039,Consumer,Printer Paper,Office Supplies,South,1,0.25,349.43,4.57
ORD-00798,2025-05-24,Customer_098,Consumer,Stapler,Office Supplies,South,5,0.15,1330.26,162.83
ORD-00799,2024-08-03,Customer_185,Consumer,Mouse,Technology,North,7,0.1,8000.19,1019.76
ORD-00800,2025-02-19,Customer_275,Corporate,Office Chair,Furniture,West,5,0.1,41103.19,3728.52
ORD-00801,2024-02-19,Customer_274,Home Office,Printer Paper,Office Supplies,South,4,0.1,1638.32,374.06
ORD-00802,2024-11-09,Customer_015,Corporate,Bookshelf,Furniture,East,5,0.15,32550.88,767.75
ORD-00803,2024-06-14,Customer_251,Consumer,Cabinet,Furniture,West,1,0.15,9320.23,370.01
ORD-00804,2025-04-13,Customer_004,Corporate,Monitor,Technology,East,7,0.15,112130.48,7022.17
ORD-00805,2024-08-09,Customer_054,Consumer,Laptop,Technology,East,6,0.1,320893.29,51391.15
ORD-00806,2024-07-10,Customer_015,Corporate,Cabinet,Furniture,East,4,0.15,39914.22,493.94
ORD-00807,2024-10-01,Customer_069,Corporate,Cabinet,Furniture,North,6,0.15,56074.68,2262.12
ORD-00808,2025-10-06,Customer_178,Consumer,Monitor,Technology,West,6,0.1,93093.13,14329.91
ORD-00809,2025-08-06,Customer_225,Consumer,Folders,Office Supplies,West,6,0.1,1072.86,212.62
ORD-00810,2024-06-02,Customer_078,Corporate,Laptop,Technology,North,7,0.2,375441.96,-344.7
ORD-00811,2025-09-26,Customer_165,Consumer,Stapler,Office Supplies,East,5,0.1,1459.02,323.09
ORD-00812,2025-07-04,Customer_261,Consumer,Printer Paper,Office Supplies,South,6,0.1,2271.23,442.03
ORD-00813,2024-01-12,Customer_059,Consumer,Printer Paper,Office Supplies,West,5,0.2,1941.13,187.73
ORD-00814,2025-01-25,Customer_225,Home Office,Laptop,Technology,North,2,0.05,114210.1,17431.76
ORD-00815,2024-02-09,Customer_030,Home Office,Folders,Office Supplies,East,1,0.0,231.38,64.3
ORD-00816,2025-10-21,Customer_018,Home Office,Keyboard,Technology,West,6,0.15,13444.28,1057.34
ORD-00817,2025-05-15,Customer_060,Consumer,Webcam,Technology,West,3,0.2,7915.33,445.87
ORD-00818,2025-07-11,Customer_021,Consumer,Notebook,Office Supplies,East,3,0.2,636.05,46.13
ORD-00819,2024-08-23,Customer_090,Home Office,Stapler,Office Supplies,West,3,0.05,921.07,212.9
ORD-00820,2024-04-23,Customer_184,Home Office,Folders,Office Supplies,West,7,0.15,1417.4,228.23
ORD-00821,2025-04-12,Customer_270,Corporate,Headphones,Technology,North,3,0.15,8153.24,861.1
ORD-00822,2025-12-08,Customer_012,Home Office,Folders,Office Supplies,South,2,0.1,416.57,76.57
ORD-00823,2025-03-20,Customer_148,Consumer,Laptop,Technology,South,6,0.05,337389.24,69682.17
ORD-00824,2025-06-27,Customer_141,Home Office,Webcam,Technology,South,6,0.1,15741.24,1971.9
ORD-00825,2025-06-28,Customer_263,Home Office,Desk,Furniture,West,2,0.05,28654.03,4468.28
ORD-00826,2025-05-31,Customer_218,Corporate,Office Chair,Furniture,East,3,0.0,29675.84,4379.29
ORD-00827,2025-09-24,Customer_222,Consumer,Keyboard,Technology,North,1,0.2,2125.87,1.45
ORD-00828,2025-08-21,Customer_040,Corporate,Printer Paper,Office Supplies,West,3,0.0,1423.42,388.27
ORD-00829,2025-10-24,Customer_119,Corporate,Bookshelf,Furniture,East,4,0.1,29406.21,2056.01
ORD-00830,2025-01-06,Customer_212,Corporate,Printer Paper,Office Supplies,East,7,0.2,2299.53,187.74
ORD-00831,2024-02-24,Customer_215,Corporate,Printer Paper,Office Supplies,West,4,0.1,1715.19,364.97
ORD-00832,2024-09-13,Customer_209,Consumer,Desk,Furniture,South,4,0.2,50120.81,86.86
ORD-00833,2024-04-25,Customer_075,Corporate,Desk,Furniture,South,6,0.1,85727.64,6552.11
ORD-00834,2024-08-30,Customer_165,Corporate,Pen Set,Office Supplies,West,5,0.0,967.32,270.15
ORD-00835,2024-05-24,Customer_100,Consumer,Printer Paper,Office Supplies,North,7,0.05,3032.84,741.2
ORD-00836,2025-11-18,Customer_031,Consumer,Webcam,Technology,East,5,0.2,13187.67,-44.32
ORD-00837,2024-07-02,Customer_247,Consumer,Laptop,Technology,West,5,0.15,277007.95,21705.15
ORD-00838,2025-03-15,Customer_194,Consumer,Pen Set,Office Supplies,South,3,0.2,446.95,50.1
ORD-00839,2025-06-06,Customer_059,Consumer,Table,Furniture,South,2,0.15,22797.62,1474.21
ORD-00840,2024-04-30,Customer_183,Consumer,Office Chair,Furniture,North,4,0.0,37529.98,7294.54
ORD-00841,2024-06-12,Customer_288,Corporate,Monitor,Technology,North,5,0.1,73580.9,11032.27
ORD-00842,2025-09-07,Customer_290,Consumer,Office Chair,Furniture,East,1,0.15,7677.14,65.15
ORD-00843,2025-07-21,Customer_253,Consumer,Office Chair,Furniture,East,1,0.1,7389.03,477.32
ORD-00844,2024-04-11,Customer_140,Corporate,Office Chair,Furniture,East,6,0.2,44370.11,-1558.69
ORD-00845,2024-04-07,Customer_032,Home Office,Desk,Furniture,West,4,0.1,51543.74,5467.78
ORD-00846,2025-08-05,Customer_261,Corporate,Bookshelf,Furniture,East,6,0.05,45287.65,7731.68
ORD-00847,2024-08-08,Customer_051,Corporate,Headphones,Technology,West,4,0.2,11910.69,-52.9
ORD-00848,2025-12-25,Customer_093,Consumer,Laptop,Technology,North,6,0.05,353274.17,61995.5
ORD-00849,2024-10-14,Customer_251,Corporate,Monitor,Technology,East,7,0.15,109120.4,11808.33
ORD-00850,2024-01-28,Customer_018,Consumer,Table,Furniture,West,2,0.15,23173.45,545.96
ORD-00851,2024-11-28,Customer_014,Consumer,Pen Set,Office Supplies,North,6,0.1,999.42,196.94
ORD-00852,2025-05-02,Customer_005,Consumer,Laptop,Technology,South,7,0.0,454777.93,105431.59
ORD-00853,2024-06-24,Customer_086,Corporate,Stapler,Office Supplies,North,1,0.15,270.26,43.43
ORD-00854,2025-01-25,Customer_291,Home Office,Office Chair,Furniture,East,2,0.05,17974.48,2652.11
ORD-00855,2025-05-01,Customer_162,Corporate,Notebook,Office Supplies,North,1,0.2,193.46,17.02
ORD-00856,2024-02-01,Customer_286,Consumer,Pen Set,Office Supplies,East,4,0.1,597.23,112.27
ORD-00857,2025-10-24,Customer_113,Corporate,Folders,Office Supplies,South,1,0.15,198.82,25.54
ORD-00858,2024-11-28,Customer_171,Consumer,Table,Furniture,East,5,0.0,63853.42,11499.2
ORD-00859,2025-09-15,Customer_258,Corporate,Cabinet,Furniture,West,1,0.2,9990.22,151.54
ORD-00860,2024-03-28,Customer_047,Consumer,Mouse,Technology,East,7,0.2,7047.73,-70.51
ORD-00861,2025-10-14,Customer_264,Consumer,Table,Furniture,East,5,0.2,60156.16,214.26
ORD-00862,2025-11-05,Customer_111,Consumer,Notebook,Office Supplies,East,3,0.1,624.3,144.01
ORD-00863,2025-10-01,Customer_086,Home Office,Folders,Office Supplies,South,2,0.05,411.8,100.87
ORD-00864,2025-07-22,Customer_159,Home Office,Notebook,Office Supplies,West,6,0.1,1321.04,298.36
ORD-00865,2025-01-01,Customer_164,Consumer,Monitor,Technology,South,2,0.2,27217.4,1683.18
ORD-00866,2024-04-07,Customer_243,Corporate,Office Chair,Furniture,West,2,0.2,14789.13,-252.27
ORD-00867,2024-10-20,Customer_262,Consumer,Laptop,Technology,West,7,0.1,387075.44,57278.05
ORD-00868,2025-11-01,Customer_004,Consumer,Office Chair,Furniture,South,3,0.05,27244.78,3684.08
ORD-00869,2024-09-18,Customer_257,Consumer,Stapler,Office Supplies,East,1,0.05,258.38,61.42
ORD-00870,2024-03-10,Customer_148,Home Office,Office Chair,Furniture,West,4,0.05,33164.6,4013.33
ORD-00871,2024-03-26,Customer_183,Corporate,Notebook,Office Supplies,North,1,0.25,182.8,13.42
ORD-00872,2025-04-10,Customer_166,Consumer,Mouse,Technology,North,4,0.05,4874.39,764.95
ORD-00873,2025-12-06,Customer_039,Home Office,Printer Paper,Office Supplies,West,1,0.1,413.13,93.6
ORD-00874,2024-07-09,Customer_124,Home Office,Desk,Furniture,South,4,0.2,46912.37,243.54
ORD-00875,2024-01-01,Customer_110,Consumer,Table,Furniture,South,4,0.15,46093.02,3169.57
ORD-00876,2024-06-27,Customer_161,Consumer,Monitor,Technology,East,7,0.0,120644.91,25478.97
ORD-00877,2024-07-11,Customer_075,Consumer,Headphones,Technology,South,6,0.25,14775.14,-201.54
ORD-00878,2024-05-18,Customer_029,Consumer,Keyboard,Technology,East,6,0.15,13035.81,929.83
ORD-00879,2024-08-26,Customer_220,Home Office,Cabinet,Furniture,East,6,0.2,60145.48,-805.55
ORD-00880,2024-11-04,Customer_136,Consumer,Pen Set,Office Supplies,West,4,0.0,648.57,165.48
ORD-00881,2025-02-14,Customer_172,Consumer,Headphones,Technology,North,2,0.2,5770.67,98.14
ORD-00882,2024-09-09,Customer_295,Corporate,Printer Paper,Office Supplies,West,5,0.1,1981.34,405.38
ORD-00883,2025-12-24,Customer_108,Corporate,Printer Paper,Office Supplies,North,5,0.1,1996.97,458.61
ORD-00884,2025-08-15,Customer_060,Corporate,Printer Paper,Office Supplies,South,5,0.15,1996.44,337.46
ORD-00885,2025-03-21,Customer_041,Home Office,Stapler,Office Supplies,West,2,0.05,568.4,153.32
ORD-00886,2025-07-29,Customer_138,Consumer,Keyboard,Technology,South,7,0.25,13140.54,-523.79
ORD-00887,2024-05-15,Customer_204,Consumer,Mouse,Technology,South,6,0.1,6207.72,1029.39
ORD-00888,2024-01-24,Customer_115,Corporate,Webcam,Technology,East,3,0.15,7263.95,781.97
ORD-00889,2025-05-22,Customer_131,Consumer,Bookshelf,Furniture,South,4,0.1,27164.04,2285.79
ORD-00890,2025-01-07,Customer_146,Consumer,Laptop,Technology,East,6,0.05,366961.45,67263.66
ORD-00891,2024-12-23,Customer_068,Home Office,Table,Furniture,West,6,0.05,73018.43,10391.59
ORD-00892,2025-09-03,Customer_193,Corporate,Stapler,Office Supplies,North,7,0.0,1905.63,501.56
ORD-00893,2024-03-07,Customer_290,Home Office,Monitor,Technology,East,5,0.15,74643.15,4321.04
ORD-00894,2024-11-09,Customer_274,Consumer,Monitor,Technology,South,3,0.25,41722.18,-317.66
ORD-00895,2024-06-28,Customer_042,Home Office,Printer Paper,Office Supplies,East,4,0.0,1873.59,529.65
ORD-00896,2024-02-24,Customer_012,Home Office,Table,Furniture,North,4,0.0,55566.74,11017.96
ORD-00897,2024-01-19,Customer_219,Consumer,Bookshelf,Furniture,West,3,0.05,23513.26,2811.82
ORD-00898,2025-07-15,Customer_117,Consumer,Office Chair,Furniture,South,6,0.0,57657.2,10148.6
ORD-00899,2025-12-08,Customer_268,Consumer,Printer Paper,Office Supplies,North,3,0.15,1245.85,156.11
ORD-00900,2024-04-06,Customer_242,Corporate,Folders,Office Supplies,East,3,0.15,536.19,65.1
ORD-00901,2024-12-30,Customer_049,Corporate,Pen Set,Office Supplies,West,5,0.15,702.1,98.19
ORD-00902,2024-09-12,Customer_048,Corporate,Table,Furniture,North,7,0.2,85487.86,297.42
ORD-00903,2025-01-04,Customer_212,Corporate,Headphones,Technology,North,3,0.1,9639.62,1465.13
ORD-00904,2025-09-23,Customer_180,Consumer,Keyboard,Technology,East,5,0.05,12698.03,2206.35
ORD-00905,2024-07-01,Customer_288,Consumer,Keyboard,Technology,North,1,0.1,2236.27,259.99
ORD-00906,2024-11-08,Customer_046,Consumer,Pen Set,Office Supplies,South,4,0.15,657.66,82.51
ORD-00907,2024-11-25,Customer_192,Consumer,Webcam,Technology,South,7,0.25,16465.21,-651.55
ORD-00908,2025-07-17,Customer_229,Home Office,Stapler,Office Supplies,West,1,0.1,257.77,51.56
ORD-00909,2025-11-19,Customer_142,Corporate,Desk,Furniture,South,6,0.05,87883.86,11904.53
ORD-00910,2025-09-26,Customer_130,Consumer,Office Chair,Furniture,West,5,0.05,43206.55,5309.64
ORD-00911,2024-02-07,Customer_212,Home Office,Table,Furniture,South,3,0.05,37541.71,5665.9
ORD-00912,2024-07-31,Customer_212,Consumer,Folders,Office Supplies,South,4,0.2,726.33,59.4
ORD-00913,2025-10-02,Customer_039,Consumer,Office Chair,Furniture,North,2,0.25,12694.43,-781.37
ORD-00914,2024-08-20,Customer_181,Consumer,Cabinet,Furniture,West,3,0.2,30488.82,99.03
ORD-00915,2025-08-16,Customer_063,Consumer,Mouse,Technology,East,3,0.0,3617.74,864.83
ORD-00916,2025-12-03,Customer_195,Consumer,Headphones,Technology,East,4,0.05,12017.9,1946.47
ORD-00917,2025-11-22,Customer_048,Corporate,Bookshelf,Furniture,South,7,0.1,47405.15,2907.58
ORD-00918,2024-09-06,Customer_201,Corporate,Cabinet,Furniture,North,5,0.2,43969.41,622.32
ORD-00919,2024-10-15,Customer_041,Consumer,Laptop,Technology,North,7,0.1,404718.91,64931.66
ORD-00920,2025-03-13,Customer_153,Consumer,Table,Furniture,East,1,0.05,14242.52,1875.2
ORD-00921,2025-10-26,Customer_244,Home Office,Printer Paper,Office Supplies,East,6,0.05,2387.05,550.41
ORD-00922,2025-05-14,Customer_089,Corporate,Bookshelf,Furniture,North,1,0.05,7586.06,1156.72
ORD-00923,2025-06-29,Customer_218,Consumer,Headphones,Technology,West,1,0.1,3284.11,500.51
ORD-00924,2025-06-06,Customer_167,Consumer,Headphones,Technology,South,1,0.2,2659.73,17.54
ORD-00925,2025-09-24,Customer_183,Consumer,Table,Furniture,West,1,0.25,10643.72,-635.02
ORD-00926,2025-07-30,Customer_075,Consumer,Laptop,Technology,West,4,0.05,259714.22,47068.03
ORD-00927,2025-06-20,Customer_267,Home Office,Folders,Office Supplies,West,6,0.05,1293.89,350.87
ORD-00928,2024-07-09,Customer_255,Corporate,Webcam,Technology,South,3,0.0,9626.18,2410.74
ORD-00929,2024-12-10,Customer_176,Consumer,Bookshelf,Furniture,South,2,0.25,11584.77,-1161.56
ORD-00930,2025-07-18,Customer_283,Consumer,Table,Furniture,West,7,0.0,99739.67,17460.11
ORD-00931,2024-04-18,Customer_226,Consumer,Stapler,Office Supplies,North,2,0.0,596.33,159.02
ORD-00932,2024-06-02,Customer_291,Consumer,Stapler,Office Supplies,West,1,0.1,245.4,53.48
ORD-00933,2025-12-30,Customer_008,Consumer,Keyboard,Technology,North,2,0.1,4125.24,614.65
ORD-00934,2025-05-29,Customer_135,Consumer,Table,Furniture,South,4,0.0,51776.98,9024.13
ORD-00935,2025-06-26,Customer_075,Home Office,Mouse,Technology,West,2,0.25,1806.48,-36.01
ORD-00936,2024-01-26,Customer_217,Corporate,Webcam,Technology,West,1,0.05,3057.19,599.23
ORD-00937,2024-02-27,Customer_115,Consumer,Webcam,Technology,West,1,0.2,2229.4,-9.55
ORD-00938,2024-11-26,Customer_036,Consumer,Desk,Furniture,North,1,0.25,11110.9,-1221.99
ORD-00939,2025-01-01,Customer_270,Corporate,Printer Paper,Office Supplies,West,6,0.15,2309.91,330.55
ORD-00940,2024-11-12,Customer_134,Corporate,Mouse,Technology,South,2,0.2,2100.06,-22.83
ORD-00941,2025-03-15,Customer_054,Corporate,Table,Furniture,West,2,0.1,23976.82,2998.99
ORD-00942,2025-09-22,Customer_077,Corporate,Webcam,Technology,West,5,0.15,12583.74,756.08
ORD-00943,2024-09-11,Customer_081,Consumer,Folders,Office Supplies,West,7,0.0,1507.37,463.96
ORD-00944,2024-07-17,Customer_220,Consumer,Notebook,Office Supplies,West,6,0.0,1609.8,476.6
ORD-00945,2024-01-08,Customer_077,Corporate,Office Chair,Furniture,South,3,0.1,22412.45,1199.43
ORD-00946,2024-10-27,Customer_074,Home Office,Notebook,Office Supplies,South,7,0.05,1765.08,451.59
ORD-00947,2024-11-08,Customer_273,Consumer,Laptop,Technology,North,2,0.15,112334.62,11711.98
ORD-00948,2025-05-09,Customer_265,Consumer,Cabinet,Furniture,East,5,0.15,53983.16,2893.04
ORD-00949,2025-05-27,Customer_116,Corporate,Office Chair,Furniture,West,1,0.0,9572.86,1907.68
ORD-00950,2025-04-03,Customer_022,Consumer,Pen Set,Office Supplies,East,1,0.0,195.0,56.72
ORD-00951,2025-12-23,Customer_158,Corporate,Stapler,Office Supplies,East,4,0.1,1053.41,203.96
ORD-00952,2025-07-29,Customer_100,Consumer,Folders,Office Supplies,East,3,0.2,489.54,36.63
ORD-00953,2025-06-06,Customer_144,Home Office,Pen Set,Office Supplies,East,7,0.05,1279.54,320.06
ORD-00954,2025-01-07,Customer_205,Consumer,Monitor,Technology,East,5,0.0,88842.41,17373.83
ORD-00955,2024-11-29,Customer_267,Corporate,Office Chair,Furniture,North,1,0.15,8146.46,461.87
ORD-00956,2025-11-18,Customer_168,Home Office,Keyboard,Technology,North,3,0.1,6683.94,1095.66
ORD-00957,2025-08-20,Customer_084,Consumer,Webcam,Technology,West,1,0.05,2635.2,433.17
ORD-00958,2024-06-19,Customer_294,Corporate,Bookshelf,Furniture,West,4,0.0,31734.3,5724.33
ORD-00959,2025-01-23,Customer_048,Corporate,Office Chair,Furniture,South,4,0.0,38565.71,7419.0
ORD-00960,2025-04-02,Customer_222,Home Office,Mouse,Technology,North,5,0.2,4920.21,142.4
ORD-00961,2024-10-03,Customer_039,Consumer,Pen Set,Office Supplies,North,1,0.1,158.42,36.4
ORD-00962,2025-07-02,Customer_242,Corporate,Monitor,Technology,North,5,0.1,86736.16,9784.36
ORD-00963,2025-12-14,Customer_180,Consumer,Office Chair,Furniture,East,7,0.2,48705.49,-1611.31
ORD-00964,2024-02-14,Customer_029,Consumer,Keyboard,Technology,South,7,0.0,17888.11,3906.51
ORD-00965,2025-05-20,Customer_082,Consumer,Printer Paper,Office Supplies,North,4,0.2,1558.07,162.72
ORD-00966,2025-08-06,Customer_125,Home Office,Notebook,Office Supplies,South,2,0.05,431.68,102.13
ORD-00967,2025-05-09,Customer_193,Consumer,Table,Furniture,West,6,0.2,66875.16,-3425.3
ORD-00968,2024-09-11,Customer_140,Corporate,Keyboard,Technology,North,7,0.25,13168.02,-400.92
ORD-00969,2025-02-03,Customer_217,Consumer,Pen Set,Office Supplies,North,4,0.1,632.99,121.86
ORD-00970,2025-04-23,Customer_136,Corporate,Laptop,Technology,East,1,0.15,58103.73,3308.04
ORD-00971,2024-08-26,Customer_175,Corporate,Desk,Furniture,West,5,0.15,64457.92,918.44
ORD-00972,2025-02-09,Customer_123,Consumer,Notebook,Office Supplies,North,4,0.15,848.82,136.75
ORD-00973,2025-07-18,Customer_286,Corporate,Webcam,Technology,South,1,0.1,2855.56,446.49
ORD-00974,2024-09-03,Customer_151,Consumer,Desk,Furniture,North,6,0.05,87794.58,13892.79
ORD-00975,2025-12-08,Customer_281,Corporate,Laptop,Technology,North,7,0.1,371285.66,47590.26
ORD-00976,2024-01-11,Customer_186,Home Office,Bookshelf,Furniture,East,6,0.2,38353.31,-1331.21
ORD-00977,2025-12-11,Customer_049,Consumer,Monitor,Technology,West,7,0.0,129431.53,24570.91
ORD-00978,2025-05-27,Customer_217,Home Office,Folders,Office Supplies,East,1,0.05,213.23,57.06
ORD-00979,2024-10-31,Customer_287,Consumer,Desk,Furniture,North,3,0.25,32878.82,-3670.39
ORD-00980,2024-04-11,Customer_071,Consumer,Bookshelf,Furniture,South,6,0.05,43001.0,7035.42
ORD-00981,2025-10-23,Customer_098,Consumer,Monitor,Technology,West,1,0.1,15728.62,2077.95
ORD-00982,2025-04-18,Customer_205,Corporate,Notebook,Office Supplies,South,4,0.15,839.44,136.91
ORD-00983,2024-12-31,Customer_099,Consumer,Monitor,Technology,South,7,0.15,98718.72,11297.55
ORD-00984,2024-10-17,Customer_282,Home Office,Stapler,Office Supplies,South,6,0.25,1329.91,77.27
ORD-00985,2025-04-03,Customer_097,Corporate,Stapler,Office Supplies,South,4,0.0,1130.4,339.01
ORD-00986,2025-11-07,Customer_181,Consumer,Laptop,Technology,West,7,0.25,331698.63,-14015.78
ORD-00987,2024-08-19,Customer_246,Consumer,Stapler,Office Supplies,West,5,0.2,1274.03,82.7
ORD-00988,2025-06-29,Customer_200,Corporate,Desk,Furniture,South,5,0.2,62996.78,-3567.58
ORD-00989,2025-04-22,Customer_179,Consumer,Pen Set,Office Supplies,North,5,0.2,761.9,80.57
ORD-00990,2024-08-31,Customer_079,Consumer,Bookshelf,Furniture,East,3,0.25,17312.29,-2334.72
ORD-00991,2025-06-11,Customer_210,Corporate,Pen Set,Office Supplies,South,2,0.15,318.65,39.98
ORD-00992,2024-02-19,Customer_213,Consumer,Printer Paper,Office Supplies,East,2,0.1,817.87,158.52
ORD-00993,2025-07-18,Customer_215,Corporate,Pen Set,Office Supplies,West,7,0.15,1154.61,169.12
ORD-00994,2024-03-28,Customer_216,Corporate,Folders,Office Supplies,South,3,0.1,568.84,111.95
ORD-00995,2025-10-25,Customer_053,Consumer,Keyboard,Technology,North,3,0.15,6242.39,699.26
ORD-00996,2025-01-27,Customer_180,Consumer,Printer Paper,Office Supplies,North,4,0.15,1613.73,261.94
ORD-00997,2025-11-25,Customer_009,Corporate,Pen Set,Office Supplies,West,6,0.2,811.6,64.45
ORD-00998,2025-12-08,Customer_083,Home Office,Headphones,Technology,East,4,0.2,10789.76,161.01
ORD-00999,2024-02-09,Customer_018,Consumer,Mouse,Technology,West,4,0.0,4567.35,888.83
ORD-01000,2025-08-04,Customer_221,Home Office,Mouse,Technology,West,7,0.1,8110.16,945.25
ORD-01001,2025-10-20,Customer_159,Corporate,Cabinet,Furniture,North,2,0.2,19025.13,-961.7
ORD-01002,2024-01-01,Customer_023,Corporate,Laptop,Technology,South,4,0.25,175714.55,-10217.81
ORD-01003,2025-12-07,Customer_009,Consumer,Pen Set,Office Supplies,West,4,0.0,727.69,183.35
ORD-01004,2024-09-03,Customer_031,Consumer,Table,Furniture,West,5,0.1,64256.24,6877.58
ORD-01005,2025-10-18,Customer_069,Consumer,Cabinet,Furniture,West,5,0.05,52712.3,8428.63
ORD-01006,2024-03-15,Customer_267,Corporate,Cabinet,Furniture,North,2,0.25,18576.63,-1242.14
ORD-01007,2024-06-18,Customer_289,Home Office,Office Chair,Furniture,South,7,0.1,54724.48,4824.47
ORD-01008,2025-12-16,Customer_111,Consumer,Desk,Furniture,West,4,0.1,49950.69,4866.68
ORD-01009,2024-04-12,Customer_122,Corporate,Webcam,Technology,West,3,0.0,8122.21,1901.76
ORD-01010,2024-10-02,Customer_216,Home Office,Laptop,Technology,South,7,0.25,336268.8,-19264.53
ORD-01011,2024-06-07,Customer_159,Consumer,Mouse,Technology,West,3,0.2,2858.0,132.14
ORD-01012,2024-03-25,Customer_243,Home Office,Table,Furniture,South,6,0.2,71163.69,-76.15
ORD-01013,2025-07-06,Customer_082,Corporate,Stapler,Office Supplies,East,2,0.05,550.41,133.93
ORD-01014,2025-09-02,Customer_203,Corporate,Printer Paper,Office Supplies,East,7,0.05,2979.86,751.17
ORD-01015,2024-01-08,Customer_077,Consumer,Monitor,Technology,West,6,0.15,83763.86,8309.33
ORD-01016,2025-04-13,Customer_102,Corporate,Office Chair,Furniture,West,2,0.0,19648.51,3427.96
ORD-01017,2025-01-22,Customer_269,Home Office,Stapler,Office Supplies,North,5,0.1,1401.31,304.49
ORD-01018,2024-10-18,Customer_287,Consumer,Mouse,Technology,West,3,0.2,2759.52,-38.15
ORD-01019,2024-11-30,Customer_092,Home Office,Pen Set,Office Supplies,West,4,0.1,669.46,149.72
ORD-01020,2024-08-13,Customer_041,Corporate,Printer Paper,Office Supplies,North,4,0.05,1782.29,468.65
ORD-01021,2025-06-04,Customer_029,Corporate,Bookshelf,Furniture,South,3,0.2,20060.05,-237.15
ORD-01022,2025-06-15,Customer_168,Corporate,Cabinet,Furniture,South,2,0.2,21117.16,-663.95
ORD-01023,2025-06-27,Customer_287,Home Office,Folders,Office Supplies,North,7,0.05,1365.11,323.35
ORD-01024,2025-02-20,Customer_280,Corporate,Bookshelf,Furniture,North,1,0.1,7513.82,833.95
ORD-01025,2024-01-16,Customer_164,Corporate,Bookshelf,Furniture,South,2,0.2,13182.68,-176.5
ORD-01026,2024-03-25,Customer_277,Home Office,Laptop,Technology,South,7,0.05,411402.84,75337.66
ORD-01027,2024-09-17,Customer_121,Consumer,Cabinet,Furniture,South,1,0.05,11000.84,1761.41
ORD-01028,2025-01-19,Customer_167,Consumer,Cabinet,Furniture,South,5,0.1,57196.53,3183.14
ORD-01029,2025-10-07,Customer_208,Corporate,Office Chair,Furniture,South,6,0.1,47082.79,5881.69
ORD-01030,2025-03-18,Customer_164,Consumer,Table,Furniture,West,5,0.0,65431.11,11248.1
ORD-01031,2025-07-28,Customer_181,Corporate,Bookshelf,Furniture,West,7,0.2,40931.64,-1663.98
ORD-01032,2024-07-19,Customer_065,Consumer,Stapler,Office Supplies,West,2,0.05,572.71,151.31
ORD-01033,2024-03-17,Customer_096,Consumer,Cabinet,Furniture,East,2,0.05,25028.3,3765.4
ORD-01034,2024-05-23,Customer_182,Consumer,Monitor,Technology,West,6,0.2,84059.88,1275.55
ORD-01035,2025-09-09,Customer_087,Corporate,Printer Paper,Office Supplies,South,1,0.15,406.98,63.2
ORD-01036,2025-10-03,Customer_237,Consumer,Folders,Office Supplies,North,6,0.15,1129.81,171.73
ORD-01037,2025-03-21,Customer_015,Corporate,Webcam,Technology,South,5,0.1,14601.71,1732.54
ORD-01038,2025-10-07,Customer_165,Home Office,Office Chair,Furniture,West,7,0.0,63786.61,13345.37
ORD-01039,2025-04-04,Customer_108,Home Office,Pen Set,Office Supplies,South,5,0.2,780.24,104.93
ORD-01040,2025-06-02,Customer_118,Corporate,Pen Set,Office Supplies,West,1,0.15,156.43,21.38
ORD-01041,2024-03-03,Customer_040,Consumer,Headphones,Technology,North,6,0.25,17052.66,-1104.07
ORD-01042,2025-02-23,Customer_111,Consumer,Notebook,Office Supplies,South,2,0.05,506.25,133.48
ORD-01043,2025-12-19,Customer_024,Corporate,Cabinet,Furniture,East,1,0.25,9257.54,-828.66
ORD-01044,2025-10-03,Customer_160,Consumer,Stapler,Office Supplies,North,3,0.1,740.76,134.54
ORD-01045,2024-10-15,Customer_085,Consumer,Notebook,Office Supplies,North,4,0.1,921.24,195.37
ORD-01046,2025-09-26,Customer_138,Home Office,Office Chair,Furniture,West,1,0.05,7776.19,1312.81
ORD-01047,2025-11-10,Customer_105,Corporate,Desk,Furniture,West,4,0.25,44358.82,-3274.13
ORD-01048,2024-06-03,Customer_109,Home Office,Bookshelf,Furniture,East,4,0.15,26596.42,114.1
ORD-01049,2024-12-22,Customer_271,Consumer,Mouse,Technology,West,5,0.1,5167.86,553.63
ORD-01050,2024-08-17,Customer_102,Corporate,Laptop,Technology,South,1,0.1,55742.5,8861.99
ORD-01051,2024-04-25,Customer_173,Home Office,Laptop,Technology,East,5,0.1,285732.94,33968.75
ORD-01052,2024-07-20,Customer_144,Corporate,Laptop,Technology,North,5,0.2,280649.71,-62.6
ORD-01053,2024-03-07,Customer_236,Consumer,Office Chair,Furniture,North,6,0.25,43946.14,-3326.02
ORD-01054,2025-01-26,Customer_165,Home Office,Webcam,Technology,West,3,0.0,8242.6,1578.21
ORD-01055,2024-09-12,Customer_114,Consumer,Bookshelf,Furniture,South,5,0.25,27376.23,-1642.95
ORD-01056,2025-02-05,Customer_011,Consumer,Headphones,Technology,South,4,0.05,12663.76,2670.23
ORD-01057,2025-06-22,Customer_270,Home Office,Monitor,Technology,North,7,0.1,109304.3,10785.75
ORD-01058,2025-01-27,Customer_097,Consumer,Headphones,Technology,West,2,0.1,6353.02,1061.28
ORD-01059,2025-02-24,Customer_064,Corporate,Webcam,Technology,East,4,0.2,10055.55,568.92
ORD-01060,2025-04-25,Customer_062,Home Office,Mouse,Technology,East,4,0.2,3810.42,215.18
ORD-01061,2024-05-24,Customer_149,Consumer,Laptop,Technology,East,5,0.2,243709.75,-3272.25
ORD-01062,2025-03-13,Customer_250,Home Office,Office Chair,Furniture,South,7,0.15,55857.93,3548.37
ORD-01063,2024-11-12,Customer_108,Consumer,Notebook,Office Supplies,South,4,0.05,1029.11,225.44
ORD-01064,2025-06-05,Customer_015,Consumer,Folders,Office Supplies,West,6,0.15,1153.92,186.69
ORD-01065,2024-12-23,Customer_095,Consumer,Bookshelf,Furniture,South,5,0.1,36742.89,2045.28
ORD-01066,2025-06-17,Customer_035,Home Office,Mouse,Technology,East,6,0.15,6098.1,469.77
ORD-01067,2025-10-23,Customer_002,Home Office,Notebook,Office Supplies,East,3,0.05,666.93,150.09
ORD-01068,2024-05-09,Customer_107,Home Office,Mouse,Technology,South,3,0.1,3166.97,417.57
ORD-01069,2024-07-19,Customer_273,Consumer,Keyboard,Technology,South,3,0.1,7312.12,949.54
ORD-01070,2024-08-02,Customer_080,Corporate,Headphones,Technology,South,3,0.0,9787.53,2445.4
ORD-01071,2025-12-30,Customer_033,Corporate,Webcam,Technology,South,1,0.2,2517.01,95.86
ORD-01072,2025-04-28,Customer_151,Consumer,Printer Paper,Office Supplies,East,1,0.2,337.55,35.12
ORD-01073,2025-06-20,Customer_255,Home Office,Printer Paper,Office Supplies,East,5,0.15,1944.49,283.8
ORD-01074,2024-02-13,Customer_215,Corporate,Printer Paper,Office Supplies,South,4,0.1,1740.01,328.8
ORD-01075,2024-01-15,Customer_106,Consumer,Pen Set,Office Supplies,East,4,0.1,604.83,132.99
ORD-01076,2025-07-23,Customer_115,Corporate,Monitor,Technology,East,6,0.0,99595.62,24476.93
ORD-01077,2024-02-03,Customer_289,Consumer,Keyboard,Technology,East,6,0.1,14371.14,2285.55
ORD-01078,2025-11-21,Customer_195,Consumer,Monitor,Technology,South,2,0.25,27274.25,-649.26
ORD-01079,2024-02-09,Customer_003,Consumer,Bookshelf,Furniture,South,5,0.2,33096.19,-280.09
ORD-01080,2025-05-13,Customer_090,Home Office,Desk,Furniture,East,1,0.05,15259.59,1673.65
ORD-01081,2024-08-02,Customer_132,Consumer,Folders,Office Supplies,North,1,0.05,225.05,60.81
ORD-01082,2025-10-23,Customer_196,Home Office,Cabinet,Furniture,North,1,0.25,8236.19,-667.34
ORD-01083,2025-12-17,Customer_009,Home Office,Laptop,Technology,West,5,0.0,316353.02,74364.23
ORD-01084,2024-04-27,Customer_167,Corporate,Folders,Office Supplies,East,3,0.1,551.91,92.8
ORD-01085,2024-11-16,Customer_272,Consumer,Stapler,Office Supplies,South,5,0.2,1274.68,116.8
ORD-01086,2024-08-06,Customer_122,Corporate,Folders,Office Supplies,East,4,0.15,822.52,98.79
ORD-01087,2025-02-22,Customer_296,Home Office,Mouse,Technology,South,1,0.2,876.52,34.04
ORD-01088,2025-07-14,Customer_201,Corporate,Folders,Office Supplies,South,1,0.1,194.17,34.99
ORD-01089,2025-05-14,Customer_254,Corporate,Desk,Furniture,East,7,0.05,104575.69,17151.98
ORD-01090,2024-10-31,Customer_285,Consumer,Notebook,Office Supplies,West,2,0.25,341.17,4.78
ORD-01091,2025-05-27,Customer_174,Home Office,Bookshelf,Furniture,East,5,0.0,36020.63,6490.99
ORD-01092,2025-02-22,Customer_010,Consumer,Folders,Office Supplies,East,1,0.25,159.3,3.87
ORD-01093,2024-07-04,Customer_116,Consumer,Stapler,Office Supplies,North,3,0.05,889.24,198.05
ORD-01094,2025-01-20,Customer_065,Consumer,Pen Set,Office Supplies,South,4,0.2,609.8,48.84
ORD-01095,2025-02-06,Customer_298,Consumer,Laptop,Technology,South,2,0.15,120117.97,13019.39
ORD-01096,2025-07-17,Customer_190,Consumer,Bookshelf,Furniture,West,3,0.1,23725.14,2672.87
ORD-01097,2024-10-20,Customer_159,Consumer,Folders,Office Supplies,East,1,0.05,228.38,49.59
ORD-01098,2025-12-28,Customer_136,Corporate,Table,Furniture,South,4,0.2,40533.29,-2124.8
ORD-01099,2025-05-06,Customer_111,Consumer,Printer Paper,Office Supplies,South,3,0.0,1329.42,379.26
ORD-01100,2024-06-29,Customer_096,Corporate,Pen Set,Office Supplies,South,3,0.2,398.42,37.62
ORD-01101,2025-01-20,Customer_193,Corporate,Notebook,Office Supplies,North,7,0.1,1577.98,347.82
ORD-01102,2024-09-29,Customer_131,Corporate,Bookshelf,Furniture,East,1,0.2,6305.27,-21.02
ORD-01103,2024-02-03,Customer_250,Corporate,Monitor,Technology,West,2,0.2,28441.67,1385.18
ORD-01104,2024-02-11,Customer_257,Consumer,Table,Furniture,South,6,0.1,69822.28,7397.57
ORD-01105,2024-04-20,Customer_132,Corporate,Stapler,Office Supplies,South,6,0.05,1621.4,360.76
ORD-01106,2025-06-23,Customer_028,Consumer,Desk,Furniture,East,2,0.1,27041.51,2486.78
ORD-01107,2025-10-26,Customer_175,Corporate,Table,Furniture,East,5,0.1,64822.16,6764.43
ORD-01108,2025-09-17,Customer_271,Consumer,Table,Furniture,South,2,0.2,22061.7,-1291.45
ORD-01109,2024-01-21,Customer_170,Consumer,Office Chair,Furniture,East,4,0.05,37223.74,5724.27
ORD-01110,2025-04-08,Customer_219,Consumer,Pen Set,Office Supplies,South,6,0.1,1064.87,199.93
ORD-01111,2024-03-08,Customer_286,Consumer,Office Chair,Furniture,North,5,0.15,37696.19,2201.83
ORD-01112,2024-05-27,Customer_229,Corporate,Table,Furniture,East,1,0.05,13313.07,2076.45
ORD-01113,2025-12-05,Customer_254,Corporate,Keyboard,Technology,West,7,0.1,14927.98,1770.06
ORD-01114,2024-05-09,Customer_191,Consumer,Mouse,Technology,West,7,0.2,6374.89,-27.59
ORD-01115,2024-07-16,Customer_242,Consumer,Keyboard,Technology,North,5,0.05,11835.57,2333.43
ORD-01116,2025-07-24,Customer_284,Consumer,Stapler,Office Supplies,East,3,0.0,833.93,229.24
ORD-01117,2024-07-01,Customer_096,Corporate,Stapler,Office Supplies,East,4,0.1,1114.41,189.16
ORD-01118,2025-04-18,Customer_096,Corporate,Printer Paper,Office Supplies,East,7,0.05,3284.49,853.57
ORD-01119,2024-04-17,Customer_056,Home Office,Stapler,Office Supplies,South,5,0.25,1166.85,83.4
ORD-01120,2025-03-16,Customer_079,Consumer,Cabinet,Furniture,South,2,0.15,21384.75,1039.94
ORD-01121,2024-07-15,Customer_180,Consumer,Folders,Office Supplies,South,4,0.0,840.69,235.05
ORD-01122,2024-06-05,Customer_165,Corporate,Pen Set,Office Supplies,South,2,0.2,292.68,29.62
ORD-01123,2025-08-01,Customer_073,Consumer,Monitor,Technology,West,3,0.2,45283.9,733.41
ORD-01124,2024-04-02,Customer_224,Consumer,Notebook,Office Supplies,East,1,0.1,203.28,44.76
ORD-01125,2025-05-21,Customer_013,Consumer,Printer Paper,Office Supplies,East,7,0.05,2743.23,657.17
ORD-01126,2025-04-18,Customer_292,Corporate,Notebook,Office Supplies,North,1,0.25,179.0,13.63
ORD-01127,2025-06-01,Customer_108,Consumer,Monitor,Technology,East,5,0.05,80700.81,13348.55
ORD-01128,2025-01-25,Customer_031,Home Office,Cabinet,Furniture,North,3,0.0,35160.84,5969.4
ORD-01129,2024-02-24,Customer_092,Home Office,Bookshelf,Furniture,North,7,0.05,54515.42,5784.21
ORD-01130,2025-11-27,Customer_186,Consumer,Cabinet,Furniture,East,3,0.2,28851.98,-395.22
ORD-01131,2024-04-12,Customer_263,Consumer,Folders,Office Supplies,North,4,0.25,723.41,7.56
ORD-01132,2025-11-09,Customer_196,Consumer,Office Chair,Furniture,West,5,0.1,43040.71,3587.67
ORD-01133,2024-05-21,Customer_133,Consumer,Webcam,Technology,North,6,0.0,18694.27,4350.65
ORD-01134,2024-02-21,Customer_187,Consumer,Mouse,Technology,West,2,0.05,2149.91,423.01
ORD-01135,2025-03-30,Customer_109,Consumer,Monitor,Technology,North,6,0.15,92051.0,6923.28
ORD-01136,2025-11-11,Customer_087,Consumer,Monitor,Technology,East,7,0.25,97434.97,-4821.11
ORD-01137,2024-02-12,Customer_204,Home Office,Webcam,Technology,North,6,0.05,16266.72,3333.14
ORD-01138,2024-04-13,Customer_208,Consumer,Webcam,Technology,East,2,0.15,4753.98,281.87
ORD-01139,2025-09-11,Customer_013,Consumer,Printer Paper,Office Supplies,East,3,0.15,1067.18,161.41
ORD-01140,2025-07-23,Customer_252,Home Office,Notebook,Office Supplies,North,6,0.25,1215.7,53.85
ORD-01141,2025-10-16,Customer_292,Home Office,Pen Set,Office Supplies,North,3,0.2,406.25,27.61
ORD-01142,2025-05-01,Customer_169,Home Office,Table,Furniture,West,2,0.25,19294.53,-2415.06
ORD-01143,2024-09-04,Customer_144,Consumer,Office Chair,Furniture,North,4,0.05,37292.18,4950.38
ORD-01144,2024-07-21,Customer_233,Consumer,Webcam,Technology,West,6,0.15,15439.2,914.05
ORD-01145,2025-03-05,Customer_216,Home Office,Table,Furniture,North,4,0.15,46280.74,3411.26
ORD-01146,2025-07-11,Customer_100,Corporate,Desk,Furniture,East,3,0.15,35918.95,1922.97
ORD-01147,2024-10-28,Customer_147,Consumer,Webcam,Technology,North,6,0.1,16943.67,1716.28
ORD-01148,2025-03-07,Customer_170,Consumer,Printer Paper,Office Supplies,North,2,0.05,769.69,169.26
ORD-01149,2024-12-25,Customer_252,Consumer,Printer Paper,Office Supplies,North,2,0.0,883.91,230.17
ORD-01150,2025-11-10,Customer_215,Consumer,Printer Paper,Office Supplies,South,5,0.25,1704.24,43.02
ORD-01151,2025-07-02,Customer_211,Home Office,Pen Set,Office Supplies,South,6,0.25,824.36,28.09
ORD-01152,2025-06-02,Customer_194,Home Office,Desk,Furniture,West,1,0.05,14375.71,1713.14
ORD-01153,2024-04-24,Customer_124,Consumer,Table,Furniture,South,4,0.0,61380.8,11353.34
ORD-01154,2024-06-14,Customer_296,Consumer,Mouse,Technology,West,6,0.1,5843.44,883.44
ORD-01155,2025-12-23,Customer_185,Consumer,Table,Furniture,East,5,0.0,71084.18,14539.53
ORD-01156,2025-11-16,Customer_139,Consumer,Table,Furniture,West,5,0.0,67747.96,14127.45
ORD-01157,2025-12-23,Customer_258,Consumer,Monitor,Technology,West,1,0.0,18104.39,4037.06
ORD-01158,2024-05-25,Customer_225,Consumer,Webcam,Technology,West,4,0.15,10606.33,1242.43
ORD-01159,2025-09-05,Customer_181,Corporate,Pen Set,Office Supplies,West,3,0.05,488.39,105.02
ORD-01160,2024-04-02,Customer_175,Home Office,Headphones,Technology,West,2,0.05,6513.2,1069.09
ORD-01161,2025-02-26,Customer_059,Corporate,Desk,Furniture,West,7,0.25,76484.72,-6599.2
ORD-01162,2025-03-20,Customer_195,Consumer,Stapler,Office Supplies,North,7,0.25,1669.59,25.21
ORD-01163,2024-11-02,Customer_014,Corporate,Pen Set,Office Supplies,North,1,0.2,138.92,16.07
ORD-01164,2024-07-25,Customer_182,Consumer,Monitor,Technology,South,6,0.15,87314.87,9072.44
ORD-01165,2024-03-08,Customer_157,Corporate,Headphones,Technology,West,2,0.15,6408.92,469.49
ORD-01166,2025-09-28,Customer_073,Consumer,Webcam,Technology,South,6,0.05,16728.98,2935.37
ORD-01167,2024-06-11,Customer_202,Consumer,Monitor,Technology,South,3,0.15,50270.75,5238.17
ORD-01168,2025-12-05,Customer_178,Corporate,Keyboard,Technology,West,2,0.1,4117.96,436.75
ORD-01169,2025-02-21,Customer_118,Corporate,Stapler,Office Supplies,North,2,0.05,599.11,144.7
ORD-01170,2024-10-18,Customer_113,Home Office,Laptop,Technology,East,7,0.1,419652.42,47176.16
ORD-01171,2025-09-12,Customer_278,Consumer,Headphones,Technology,West,5,0.25,13175.27,-663.75
ORD-01172,2024-11-23,Customer_007,Consumer,Pen Set,Office Supplies,South,3,0.25,385.49,12.66
ORD-01173,2024-09-27,Customer_101,Consumer,Pen Set,Office Supplies,West,5,0.15,835.52,131.83
ORD-01174,2025-05-02,Customer_072,Corporate,Webcam,Technology,West,2,0.0,6422.32,1383.26
ORD-01175,2025-08-15,Customer_236,Consumer,Keyboard,Technology,West,7,0.05,18024.43,3500.13
ORD-01176,2025-05-24,Customer_285,Consumer,Office Chair,Furniture,West,1,0.15,7238.22,418.13
ORD-01177,2025-03-19,Customer_034,Home Office,Table,Furniture,South,1,0.25,10542.1,-1139.23
ORD-01178,2024-02-13,Customer_299,Home Office,Pen Set,Office Supplies,West,2,0.1,352.76,78.05
ORD-01179,2024-02-23,Customer_016,Consumer,Office Chair,Furniture,West,1,0.1,7514.19,541.67
ORD-01180,2025-05-17,Customer_231,Consumer,Table,Furniture,North,4,0.05,55960.96,7397.37
ORD-01181,2024-03-01,Customer_282,Home Office,Desk,Furniture,North,3,0.15,41803.74,74.87
ORD-01182,2025-06-17,Customer_147,Consumer,Notebook,Office Supplies,East,7,0.0,1916.17,511.57
ORD-01183,2024-09-28,Customer_225,Consumer,Pen Set,Office Supplies,East,6,0.25,781.07,32.89
ORD-01184,2024-10-14,Customer_032,Corporate,Mouse,Technology,South,5,0.0,5881.32,1141.61
ORD-01185,2024-07-01,Customer_285,Corporate,Keyboard,Technology,East,7,0.1,14202.11,1708.35
ORD-01186,2025-05-06,Customer_001,Consumer,Printer Paper,Office Supplies,West,7,0.05,3115.07,774.36
ORD-01187,2024-12-04,Customer_036,Corporate,Pen Set,Office Supplies,East,6,0.15,948.72,153.41
ORD-01188,2025-10-15,Customer_010,Consumer,Webcam,Technology,West,3,0.05,8045.07,1414.68
ORD-01189,2025-09-27,Customer_129,Consumer,Table,Furniture,North,6,0.0,84741.95,17680.82
ORD-01190,2025-09-24,Customer_210,Consumer,Folders,Office Supplies,South,6,0.15,1189.62,183.91
ORD-01191,2025-04-12,Customer_176,Consumer,Monitor,Technology,North,5,0.05,88662.41,13955.47
ORD-01192,2024-10-19,Customer_050,Corporate,Office Chair,Furniture,North,4,0.15,31651.65,1471.82
ORD-01193,2025-01-07,Customer_043,Corporate,Table,Furniture,North,6,0.0,76452.58,11735.69
ORD-01194,2025-08-12,Customer_158,Consumer,Table,Furniture,East,4,0.2,46365.04,302.64
ORD-01195,2024-04-27,Customer_271,Consumer,Table,Furniture,North,5,0.1,61398.44,5217.51
ORD-01196,2024-03-28,Customer_101,Corporate,Folders,Office Supplies,West,4,0.0,866.26,240.12
ORD-01197,2024-10-22,Customer_173,Corporate,Monitor,Technology,West,4,0.15,65317.59,5814.78
ORD-01198,2024-12-28,Customer_033,Corporate,Bookshelf,Furniture,East,2,0.05,14202.55,2055.45
ORD-01199,2025-03-01,Customer_170,Consumer,Webcam,Technology,South,5,0.15,12584.13,1084.65
ORD-01200,2024-02-14,Customer_165,Corporate,Headphones,Technology,South,5,0.2,15351.41,29.65
ORD-01201,2024-05-03,Customer_251,Corporate,Bookshelf,Furniture,East,4,0.25,25561.49,-1690.34
ORD-01202,2025-10-04,Customer_206,Corporate,Headphones,Technology,West,7,0.1,22654.07,3343.5
ORD-01203,2025-08-27,Customer_258,Home Office,Laptop,Technology,South,7,0.05,397110.68,76796.76
ORD-01204,2025-04-23,Customer_103,Home Office,Webcam,Technology,East,2,0.1,5713.24,867.14
ORD-01205,2025-03-08,Customer_008,Consumer,Table,Furniture,East,2,0.2,23050.86,-1073.52
ORD-01206,2024-11-02,Customer_282,Corporate,Cabinet,Furniture,South,3,0.0,37901.78,7300.22
ORD-01207,2024-10-28,Customer_007,Home Office,Monitor,Technology,South,6,0.1,100700.13,16146.71
ORD-01208,2025-11-18,Customer_046,Consumer,Headphones,Technology,West,7,0.25,17264.62,-85.77
ORD-01209,2025-10-13,Customer_166,Corporate,Webcam,Technology,South,5,0.25,11599.92,-616.87
ORD-01210,2025-04-21,Customer_117,Corporate,Table,Furniture,North,1,0.1,12656.65,1253.42
ORD-01211,2025-08-08,Customer_008,Consumer,Keyboard,Technology,North,6,0.05,13485.46,2153.14
ORD-01212,2024-07-23,Customer_006,Home Office,Bookshelf,Furniture,North,1,0.0,8523.13,1505.84
ORD-01213,2025-09-03,Customer_020,Home Office,Cabinet,Furniture,East,6,0.2,60004.99,-58.57
ORD-01214,2024-10-22,Customer_182,Home Office,Table,Furniture,West,7,0.1,82194.0,4823.88
ORD-01215,2024-01-05,Customer_234,Consumer,Mouse,Technology,South,6,0.0,7342.18,1532.32
ORD-01216,2025-02-19,Customer_284,Consumer,Desk,Furniture,South,2,0.2,22982.61,-628.87
ORD-01217,2025-12-01,Customer_169,Consumer,Printer Paper,Office Supplies,South,1,0.25,314.74,11.37
ORD-01218,2025-03-26,Customer_291,Consumer,Laptop,Technology,South,6,0.1,325460.37,35857.92
ORD-01219,2025-05-22,Customer_080,Corporate,Headphones,Technology,North,6,0.15,16200.73,1694.67
ORD-01220,2025-06-23,Customer_034,Consumer,Folders,Office Supplies,North,6,0.25,913.21,53.57
ORD-01221,2024-01-06,Customer_293,Consumer,Monitor,Technology,East,7,0.05,119803.06,19503.13
ORD-01222,2025-06-26,Customer_183,Corporate,Printer Paper,Office Supplies,West,3,0.15,1216.16,168.68
ORD-01223,2024-04-16,Customer_222,Corporate,Headphones,Technology,West,7,0.05,25018.66,4797.95
ORD-01224,2025-09-24,Customer_125,Consumer,Desk,Furniture,West,4,0.1,58299.07,5372.36
ORD-01225,2025-08-02,Customer_284,Corporate,Stapler,Office Supplies,North,6,0.2,1411.26,95.32
ORD-01226,2024-01-17,Customer_187,Consumer,Mouse,Technology,East,2,0.0,2440.35,557.95
ORD-01227,2024-01-02,Customer_109,Home Office,Mouse,Technology,South,5,0.0,5925.5,1308.72
ORD-01228,2025-01-17,Customer_262,Consumer,Stapler,Office Supplies,North,3,0.1,741.47,135.35
ORD-01229,2025-04-19,Customer_124,Consumer,Stapler,Office Supplies,West,1,0.1,245.73,52.31
ORD-01230,2025-04-28,Customer_067,Consumer,Table,Furniture,South,7,0.2,74641.35,200.46
ORD-01231,2025-06-16,Customer_021,Corporate,Laptop,Technology,North,7,0.0,467180.06,100706.44
ORD-01232,2024-05-09,Customer_281,Corporate,Cabinet,Furniture,West,1,0.15,9580.11,205.37
ORD-01233,2024-02-05,Customer_272,Consumer,Pen Set,Office Supplies,West,5,0.1,869.08,173.33
ORD-01234,2024-01-04,Customer_033,Corporate,Mouse,Technology,South,4,0.1,4112.91,579.08
ORD-01235,2024-01-11,Customer_297,Consumer,Mouse,Technology,North,4,0.0,4626.62,1069.41
ORD-01236,2025-05-14,Customer_139,Consumer,Pen Set,Office Supplies,East,3,0.15,442.69,54.24
ORD-01237,2024-03-28,Customer_063,Consumer,Folders,Office Supplies,South,3,0.05,625.87,149.1
ORD-01238,2024-07-17,Customer_298,Consumer,Printer Paper,Office Supplies,South,7,0.25,2162.11,60.49
ORD-01239,2025-05-17,Customer_267,Corporate,Bookshelf,Furniture,South,2,0.0,15518.71,2299.12
ORD-01240,2024-04-02,Customer_234,Corporate,Office Chair,Furniture,South,1,0.15,8072.58,164.22
ORD-01241,2025-03-20,Customer_260,Corporate,Laptop,Technology,South,3,0.05,171446.31,27514.42
ORD-01242,2024-01-24,Customer_152,Home Office,Pen Set,Office Supplies,North,6,0.05,925.75,250.21
ORD-01243,2024-12-23,Customer_108,Consumer,Headphones,Technology,East,4,0.0,12916.07,3021.82
ORD-01244,2024-06-02,Customer_144,Consumer,Mouse,Technology,South,3,0.1,2999.35,495.81
ORD-01245,2024-09-12,Customer_040,Corporate,Office Chair,Furniture,North,4,0.2,30042.28,470.96
ORD-01246,2024-05-22,Customer_160,Consumer,Notebook,Office Supplies,South,1,0.0,265.13,74.34
ORD-01247,2025-07-02,Customer_278,Corporate,Stapler,Office Supplies,South,4,0.25,874.66,60.12
ORD-01248,2024-06-12,Customer_114,Corporate,Pen Set,Office Supplies,North,5,0.1,852.64,182.86
ORD-01249,2024-09-01,Customer_192,Corporate,Printer Paper,Office Supplies,West,6,0.0,2786.43,833.14
ORD-01250,2025-02-18,Customer_209,Consumer,Stapler,Office Supplies,West,5,0.2,1266.9,122.55
ORD-01251,2024-10-29,Customer_249,Corporate,Cabinet,Furniture,South,2,0.0,22742.55,4436.82
ORD-01252,2024-10-13,Customer_179,Consumer,Office Chair,Furniture,North,7,0.0,60100.98,10165.59
ORD-01253,2024-11-03,Customer_296,Corporate,Pen Set,Office Supplies,East,7,0.15,980.84,176.4
ORD-01254,2025-05-10,Customer_203,Corporate,Webcam,Technology,East,1,0.0,2969.02,597.96
ORD-01255,2024-06-22,Customer_048,Corporate,Webcam,Technology,North,3,0.25,6415.48,-377.59
ORD-01256,2025-03-25,Customer_099,Corporate,Monitor,Technology,North,3,0.2,46529.6,-125.42
ORD-01257,2025-06-27,Customer_178,Corporate,Monitor,Technology,East,3,0.1,49574.54,7862.26
ORD-01258,2024-05-09,Customer_039,Consumer,Keyboard,Technology,North,6,0.05,15053.5,2644.51
ORD-01259,2025-07-29,Customer_265,Home Office,Notebook,Office Supplies,North,7,0.2,1537.82,144.22
ORD-01260,2025-11-23,Customer_260,Consumer,Webcam,Technology,East,4,0.2,10129.53,-59.86
ORD-01261,2024-10-19,Customer_222,Corporate,Keyboard,Technology,North,6,0.2,12902.03,99.8
ORD-01262,2024-05-10,Customer_020,Home Office,Table,Furniture,East,1,0.1,11567.3,970.87
ORD-01263,2024-02-29,Customer_220,Corporate,Pen Set,Office Supplies,South,2,0.0,374.0,111.63
ORD-01264,2024-04-17,Customer_234,Corporate,Office Chair,Furniture,South,3,0.15,24369.92,688.07
ORD-01265,2025-12-13,Customer_045,Consumer,Stapler,Office Supplies,North,2,0.0,611.7,169.62
ORD-01266,2025-10-05,Customer_076,Home Office,Office Chair,Furniture,South,7,0.05,56425.64,8160.05
ORD-01267,2025-03-11,Customer_142,Consumer,Folders,Office Supplies,South,4,0.0,863.49,246.58
ORD-01268,2025-02-05,Customer_005,Home Office,Cabinet,Furniture,West,2,0.2,17367.01,-155.47
ORD-01269,2025-05-19,Customer_148,Consumer,Folders,Office Supplies,North,3,0.15,610.07,87.75
ORD-01270,2024-12-30,Customer_015,Consumer,Laptop,Technology,North,5,0.15,291549.94,33939.78
ORD-01271,2025-05-30,Customer_074,Corporate,Headphones,Technology,North,2,0.1,5820.89,881.5
ORD-01272,2024-08-21,Customer_057,Consumer,Desk,Furniture,West,1,0.25,11888.76,-947.89
ORD-01273,2024-06-23,Customer_245,Consumer,Table,Furniture,East,1,0.1,11931.26,1174.88
ORD-01274,2025-03-29,Customer_130,Consumer,Mouse,Technology,South,6,0.05,6888.36,1359.59
ORD-01275,2025-06-29,Customer_225,Consumer,Webcam,Technology,West,5,0.0,14533.47,3251.5
ORD-01276,2025-06-30,Customer_114,Home Office,Bookshelf,Furniture,South,6,0.05,46607.9,7081.94
ORD-01277,2025-12-02,Customer_288,Home Office,Laptop,Technology,East,4,0.05,223179.78,40857.14
ORD-01278,2024-04-10,Customer_021,Consumer,Webcam,Technology,East,3,0.2,7611.73,74.3
ORD-01279,2025-06-12,Customer_048,Consumer,Notebook,Office Supplies,West,4,0.05,950.22,239.87
ORD-01280,2024-12-12,Customer_202,Consumer,Webcam,Technology,East,2,0.15,4592.49,338.26
ORD-01281,2024-09-30,Customer_168,Corporate,Desk,Furniture,West,4,0.1,50408.03,4460.57
ORD-01282,2025-10-28,Customer_260,Corporate,Desk,Furniture,East,4,0.1,57536.32,6974.12
ORD-01283,2024-02-27,Customer_276,Consumer,Monitor,Technology,West,2,0.15,31365.67,2508.24
ORD-01284,2025-04-11,Customer_180,Home Office,Printer Paper,Office Supplies,South,4,0.2,1376.92,90.43
ORD-01285,2024-10-09,Customer_055,Home Office,Laptop,Technology,North,7,0.0,442754.2,99389.75
ORD-01286,2025-09-02,Customer_292,Consumer,Folders,Office Supplies,North,1,0.15,200.97,34.2
ORD-01287,2024-01-22,Customer_212,Consumer,Keyboard,Technology,South,6,0.0,15143.42,3146.34
ORD-01288,2024-11-23,Customer_267,Corporate,Office Chair,Furniture,East,1,0.05,9360.91,1058.26
ORD-01289,2024-10-13,Customer_245,Corporate,Mouse,Technology,North,7,0.05,8766.56,1333.46
ORD-01290,2025-06-11,Customer_229,Corporate,Bookshelf,Furniture,West,2,0.2,11579.45,110.13
ORD-01291,2025-10-31,Customer_267,Consumer,Desk,Furniture,East,1,0.1,12929.9,771.74
ORD-01292,2024-09-20,Customer_034,Consumer,Mouse,Technology,West,7,0.0,8172.92,1743.3
ORD-01293,2024-02-17,Customer_123,Consumer,Monitor,Technology,North,1,0.25,13211.06,-76.9
ORD-01294,2025-11-02,Customer_251,Corporate,Bookshelf,Furniture,North,2,0.25,12327.7,-1684.24
ORD-01295,2025-09-01,Customer_276,Home Office,Laptop,Technology,South,4,0.1,247466.98,38227.32
ORD-01296,2024-09-18,Customer_203,Corporate,Cabinet,Furniture,South,5,0.05,53765.12,8019.34
ORD-01297,2025-05-09,Customer_038,Corporate,Stapler,Office Supplies,North,4,0.2,996.12,133.29
ORD-01298,2024-12-06,Customer_036,Consumer,Pen Set,Office Supplies,West,6,0.05,928.44,247.69
ORD-01299,2025-08-21,Customer_128,Corporate,Desk,Furniture,East,6,0.15,77135.11,4916.02
ORD-01300,2024-06-11,Customer_139,Corporate,Pen Set,Office Supplies,North,6,0.1,983.01,167.03
ORD-01301,2025-01-14,Customer_215,Consumer,Desk,Furniture,West,2,0.2,25099.54,-13.17
ORD-01302,2025-08-15,Customer_296,Consumer,Bookshelf,Furniture,South,5,0.1,35983.2,3265.32
ORD-01303,2025-09-09,Customer_171,Consumer,Keyboard,Technology,South,1,0.15,2274.27,169.06
ORD-01304,2025-09-28,Customer_258,Consumer,Webcam,Technology,West,2,0.25,4281.48,-210.52
ORD-01305,2025-04-19,Customer_221,Consumer,Desk,Furniture,North,1,0.1,13735.73,1695.65
ORD-01306,2024-12-28,Customer_095,Corporate,Cabinet,Furniture,North,6,0.0,71070.18,10722.71
ORD-01307,2025-05-08,Customer_216,Consumer,Pen Set,Office Supplies,North,7,0.05,1185.39,296.49
ORD-01308,2024-09-09,Customer_157,Consumer,Laptop,Technology,North,5,0.25,242288.35,-18045.7
ORD-01309,2024-03-19,Customer_123,Consumer,Printer Paper,Office Supplies,North,2,0.05,917.56,212.21
ORD-01310,2024-12-24,Customer_184,Consumer,Printer Paper,Office Supplies,South,7,0.0,2937.4,855.78
ORD-01311,2025-05-09,Customer_049,Consumer,Monitor,Technology,South,2,0.25,29686.73,-1156.82
ORD-01312,2025-07-18,Customer_129,Consumer,Keyboard,Technology,East,4,0.0,9801.85,1860.48
ORD-01313,2025-12-20,Customer_183,Corporate,Headphones,Technology,North,6,0.2,17334.55,481.95
ORD-01314,2025-01-14,Customer_147,Consumer,Monitor,Technology,West,5,0.0,91177.11,21508.16
ORD-01315,2024-12-30,Customer_289,Consumer,Monitor,Technology,East,4,0.1,62885.54,10437.47
ORD-01316,2025-04-01,Customer_074,Consumer,Folders,Office Supplies,West,2,0.2,383.36,41.63
ORD-01317,2024-03-20,Customer_224,Consumer,Notebook,Office Supplies,South,6,0.25,1235.88,22.46
ORD-01318,2025-12-14,Customer_101,Consumer,Notebook,Office Supplies,North,1,0.15,193.33,25.3
ORD-01319,2025-07-19,Customer_118,Corporate,Folders,Office Supplies,North,2,0.0,465.75,127.8
ORD-01320,2024-03-25,Customer_109,Consumer,Folders,Office Supplies,West,3,0.15,593.29,72.2
ORD-01321,2024-12-26,Customer_076,Consumer,Monitor,Technology,West,6,0.1,99023.59,13403.31
ORD-01322,2025-03-31,Customer_073,Home Office,Pen Set,Office Supplies,South,2,0.05,356.02,80.19
ORD-01323,2024-06-01,Customer_271,Corporate,Headphones,Technology,North,2,0.1,6211.65,619.42
ORD-01324,2025-05-30,Customer_046,Home Office,Office Chair,Furniture,East,3,0.15,22811.1,183.84
ORD-01325,2025-09-28,Customer_228,Consumer,Table,Furniture,South,6,0.25,64528.99,-6592.06
ORD-01326,2025-09-16,Customer_095,Consumer,Laptop,Technology,East,3,0.25,159405.05,-12900.03
ORD-01327,2024-05-09,Customer_031,Consumer,Bookshelf,Furniture,North,2,0.2,12954.98,-222.43
ORD-01328,2024-10-22,Customer_212,Home Office,Laptop,Technology,West,6,0.0,363472.76,82406.53
ORD-01329,2025-11-12,Customer_029,Corporate,Notebook,Office Supplies,East,4,0.2,778.94,92.2
ORD-01330,2024-01-10,Customer_254,Consumer,Printer Paper,Office Supplies,South,4,0.25,1307.49,38.0
ORD-01331,2025-02-12,Customer_172,Consumer,Pen Set,Office Supplies,East,7,0.0,1371.19,353.37
ORD-01332,2025-07-20,Customer_223,Consumer,Pen Set,Office Supplies,West,1,0.05,158.54,36.67
ORD-01333,2025-01-22,Customer_018,Corporate,Printer Paper,Office Supplies,East,7,0.0,3213.74,876.92
ORD-01334,2024-10-03,Customer_198,Corporate,Office Chair,Furniture,West,3,0.2,21257.56,-615.56
ORD-01335,2024-08-15,Customer_002,Consumer,Mouse,Technology,East,6,0.2,5414.67,80.35
ORD-01336,2024-10-18,Customer_210,Home Office,Mouse,Technology,North,7,0.0,8864.85,1946.39
ORD-01337,2025-06-14,Customer_094,Corporate,Pen Set,Office Supplies,East,2,0.25,278.03,8.86
ORD-01338,2024-07-22,Customer_190,Consumer,Notebook,Office Supplies,East,1,0.1,236.84,50.97
ORD-01339,2025-08-19,Customer_232,Corporate,Cabinet,Furniture,South,1,0.2,8801.62,-362.36
ORD-01340,2025-02-22,Customer_300,Consumer,Webcam,Technology,East,4,0.0,11605.34,2790.66
ORD-01341,2024-11-01,Customer_279,Consumer,Printer Paper,Office Supplies,South,4,0.1,1624.74,284.74
ORD-01342,2024-06-23,Customer_189,Consumer,Table,Furniture,North,3,0.2,33955.15,-44.7
ORD-01343,2025-05-03,Customer_260,Corporate,Headphones,Technology,North,7,0.2,20258.37,246.12
ORD-01344,2025-01-18,Customer_213,Consumer,Cabinet,Furniture,South,6,0.15,61077.36,3915.49
ORD-01345,2025-04-16,Customer_107,Consumer,Cabinet,Furniture,West,5,0.05,62265.83,6971.86
ORD-01346,2024-10-20,Customer_159,Corporate,Printer Paper,Office Supplies,West,5,0.25,1537.35,116.48
ORD-01347,2024-05-28,Customer_235,Corporate,Bookshelf,Furniture,South,7,0.0,55334.81,9275.41
ORD-01348,2024-12-28,Customer_176,Consumer,Table,Furniture,South,6,0.1,79711.51,6762.57
ORD-01349,2025-07-04,Customer_054,Corporate,Pen Set,Office Supplies,East,4,0.15,666.87,92.71
ORD-01350,2025-06-02,Customer_163,Consumer,Desk,Furniture,South,2,0.1,25635.91,2562.99
ORD-01351,2024-07-01,Customer_201,Home Office,Webcam,Technology,South,4,0.1,10017.03,1540.78
ORD-01352,2025-03-04,Customer_264,Home Office,Monitor,Technology,West,3,0.0,51556.25,12445.01
ORD-01353,2024-06-20,Customer_187,Consumer,Table,Furniture,North,6,0.1,71454.87,5464.24
ORD-01354,2024-01-15,Customer_110,Consumer,Notebook,Office Supplies,North,7,0.25,1324.9,27.08
ORD-01355,2025-06-09,Customer_108,Home Office,Desk,Furniture,West,4,0.25,46245.69,-5321.81
ORD-01356,2025-04-14,Customer_287,Corporate,Pen Set,Office Supplies,West,1,0.25,132.21,0.75
ORD-01357,2025-03-06,Customer_049,Consumer,Webcam,Technology,South,2,0.0,5529.59,1051.94
ORD-01358,2025-05-19,Customer_190,Corporate,Desk,Furniture,South,5,0.05,72380.69,9277.28
ORD-01359,2024-05-15,Customer_022,Corporate,Bookshelf,Furniture,East,1,0.15,6713.31,366.32
ORD-01360,2024-05-08,Customer_266,Home Office,Headphones,Technology,South,6,0.1,18163.48,2878.32
ORD-01361,2025-04-03,Customer_154,Consumer,Folders,Office Supplies,West,6,0.0,1339.47,374.36
ORD-01362,2025-08-18,Customer_163,Consumer,Laptop,Technology,East,3,0.15,181075.4,14994.35
ORD-01363,2024-09-16,Customer_071,Home Office,Webcam,Technology,West,3,0.15,7020.58,327.66
ORD-01364,2024-11-18,Customer_180,Corporate,Folders,Office Supplies,South,1,0.05,216.29,49.76
ORD-01365,2024-04-17,Customer_035,Home Office,Bookshelf,Furniture,East,2,0.15,12520.4,783.86
ORD-01366,2024-09-22,Customer_157,Corporate,Laptop,Technology,East,2,0.15,114367.92,12439.62
ORD-01367,2025-04-01,Customer_168,Corporate,Office Chair,Furniture,South,7,0.05,63569.86,10561.63
ORD-01368,2024-03-28,Customer_126,Corporate,Mouse,Technology,East,3,0.15,2785.94,218.16
ORD-01369,2025-05-13,Customer_023,Consumer,Office Chair,Furniture,North,5,0.15,34911.02,1974.35
ORD-01370,2025-08-14,Customer_098,Home Office,Table,Furniture,West,1,0.1,13288.84,1532.85
ORD-01371,2024-03-12,Customer_192,Home Office,Stapler,Office Supplies,South,3,0.1,807.53,177.97
ORD-01372,2025-06-14,Customer_159,Corporate,Pen Set,Office Supplies,East,2,0.05,355.02,88.28
ORD-01373,2025-11-19,Customer_159,Corporate,Notebook,Office Supplies,East,2,0.25,364.98,2.18
ORD-01374,2025-04-07,Customer_016,Consumer,Headphones,Technology,West,3,0.1,8524.22,1390.11
ORD-01375,2025-06-12,Customer_220,Consumer,Mouse,Technology,West,6,0.25,5662.63,-360.64
ORD-01376,2024-06-13,Customer_285,Consumer,Headphones,Technology,West,2,0.15,6293.94,301.76
ORD-01377,2024-08-22,Customer_008,Corporate,Pen Set,Office Supplies,East,3,0.15,487.34,70.89
ORD-01378,2025-06-12,Customer_269,Consumer,Pen Set,Office Supplies,West,7,0.0,1351.6,378.62
ORD-01379,2024-12-31,Customer_138,Consumer,Bookshelf,Furniture,North,1,0.2,6785.22,17.85
ORD-01380,2025-09-17,Customer_128,Home Office,Cabinet,Furniture,North,1,0.0,13034.81,2435.29
ORD-01381,2025-07-08,Customer_251,Consumer,Desk,Furniture,South,3,0.0,47166.4,7048.75
ORD-01382,2025-11-05,Customer_084,Home Office,Folders,Office Supplies,South,4,0.25,716.48,26.77
ORD-01383,2024-03-20,Customer_211,Corporate,Keyboard,Technology,East,2,0.1,4415.43,566.28
ORD-01384,2025-11-30,Customer_043,Consumer,Laptop,Technology,West,5,0.0,348197.95,68711.94
ORD-01385,2024-04-21,Customer_056,Consumer,Office Chair,Furniture,North,1,0.2,6563.58,-190.84
ORD-01386,2024-12-05,Customer_046,Consumer,Desk,Furniture,West,1,0.05,13009.7,2125.88
ORD-01387,2024-07-23,Customer_039,Consumer,Webcam,Technology,North,3,0.2,7810.77,18.74
ORD-01388,2025-08-16,Customer_258,Consumer,Cabinet,Furniture,East,1,0.2,8643.31,-207.43
ORD-01389,2024-03-03,Customer_003,Home Office,Monitor,Technology,East,1,0.2,15805.99,417.32
ORD-01390,2025-03-18,Customer_073,Home Office,Keyboard,Technology,South,1,0.05,2425.91,364.02
ORD-01391,2024-10-02,Customer_053,Home Office,Pen Set,Office Supplies,North,3,0.0,549.69,168.98
ORD-01392,2025-03-30,Customer_154,Corporate,Office Chair,Furniture,South,3,0.1,24670.32,1935.08
ORD-01393,2025-08-01,Customer_269,Corporate,Folders,Office Supplies,North,7,0.2,1141.63,76.63
ORD-01394,2024-08-22,Customer_182,Consumer,Folders,Office Supplies,South,7,0.1,1455.18,288.74
ORD-01395,2024-06-27,Customer_012,Home Office,Notebook,Office Supplies,East,4,0.2,766.71,79.29
ORD-01396,2024-07-01,Customer_209,Corporate,Mouse,Technology,West,3,0.0,3509.23,718.52
ORD-01397,2025-02-01,Customer_033,Corporate,Headphones,Technology,South,2,0.0,7220.49,1501.4
ORD-01398,2024-05-12,Customer_199,Corporate,Headphones,Technology,South,3,0.05,10008.77,1700.03
ORD-01399,2024-10-01,Customer_271,Consumer,Desk,Furniture,East,5,0.05,65846.89,11124.23
ORD-01400,2024-05-19,Customer_006,Corporate,Notebook,Office Supplies,East,6,0.05,1299.08,322.1
ORD-01401,2025-03-19,Customer_220,Corporate,Laptop,Technology,East,1,0.05,66300.98,11035.69
ORD-01402,2024-11-17,Customer_094,Corporate,Laptop,Technology,North,6,0.1,360098.19,59111.32
ORD-01403,2024-05-07,Customer_002,Consumer,Table,Furniture,South,6,0.1,81409.91,5339.01
ORD-01404,2025-01-24,Customer_116,Consumer,Folders,Office Supplies,East,2,0.0,476.04,133.4
ORD-01405,2025-01-11,Customer_068,Corporate,Printer Paper,Office Supplies,East,2,0.15,797.25,103.05
ORD-01406,2024-05-04,Customer_256,Consumer,Office Chair,Furniture,East,1,0.25,6878.07,-468.77
ORD-01407,2025-04-11,Customer_166,Consumer,Notebook,Office Supplies,West,4,0.2,782.37,85.08
ORD-01408,2024-07-04,Customer_109,Corporate,Laptop,Technology,West,5,0.0,299374.9,73427.28
ORD-01409,2025-03-23,Customer_151,Corporate,Stapler,Office Supplies,North,2,0.0,600.07,183.23
ORD-01410,2024-02-12,Customer_001,Consumer,Table,Furniture,East,5,0.2,52261.11,-3127.47
ORD-01411,2025-08-22,Customer_075,Corporate,Notebook,Office Supplies,West,2,0.05,461.48,102.54
ORD-01412,2024-05-07,Customer_072,Consumer,Folders,Office Supplies,East,7,0.0,1585.11,457.9
ORD-01413,2025-09-24,Customer_233,Corporate,Desk,Furniture,East,4,0.0,64981.57,11378.09
ORD-01414,2024-01-08,Customer_164,Home Office,Printer Paper,Office Supplies,North,3,0.2,1113.59,87.57
ORD-01415,2025-11-03,Customer_061,Consumer,Cabinet,Furniture,South,3,0.15,30608.54,846.06
ORD-01416,2025-02-03,Customer_096,Corporate,Headphones,Technology,North,4,0.2,10321.2,150.15
ORD-01417,2024-07-03,Customer_092,Consumer,Folders,Office Supplies,North,4,0.15,734.97,131.93
ORD-01418,2024-05-29,Customer_179,Corporate,Folders,Office Supplies,South,4,0.0,808.85,204.5
ORD-01419,2024-01-25,Customer_153,Corporate,Stapler,Office Supplies,East,4,0.0,1243.38,348.19
ORD-01420,2025-10-02,Customer_086,Consumer,Monitor,Technology,North,1,0.05,18014.7,2979.79
ORD-01421,2024-06-16,Customer_172,Corporate,Table,Furniture,West,3,0.05,36192.92,4155.6
ORD-01422,2025-04-06,Customer_002,Corporate,Desk,Furniture,North,7,0.25,83700.69,-7713.02
ORD-01423,2024-12-13,Customer_041,Corporate,Headphones,Technology,East,2,0.1,6092.78,829.41
ORD-01424,2024-04-14,Customer_005,Home Office,Printer Paper,Office Supplies,East,5,0.0,2193.05,598.85
ORD-01425,2025-01-24,Customer_029,Corporate,Notebook,Office Supplies,North,5,0.25,906.88,26.36
ORD-01426,2025-06-01,Customer_032,Home Office,Notebook,Office Supplies,East,1,0.0,239.05,73.66
ORD-01427,2025-03-12,Customer_288,Corporate,Table,Furniture,South,6,0.2,71423.42,-845.6
ORD-01428,2024-07-31,Customer_111,Consumer,Desk,Furniture,South,5,0.0,72839.22,13365.52
ORD-01429,2024-04-30,Customer_145,Consumer,Monitor,Technology,East,3,0.15,47839.16,4983.82
ORD-01430,2024-08-09,Customer_119,Consumer,Office Chair,Furniture,East,3,0.25,18958.34,-1469.1
ORD-01431,2025-01-06,Customer_049,Consumer,Cabinet,Furniture,North,1,0.25,8285.7,-871.24
ORD-01432,2024-07-12,Customer_051,Corporate,Cabinet,Furniture,South,5,0.05,54854.77,5626.01
ORD-01433,2024-04-04,Customer_049,Home Office,Desk,Furniture,North,2,0.2,24722.19,-773.87
ORD-01434,2025-06-13,Customer_300,Consumer,Headphones,Technology,West,5,0.25,14166.05,-710.77
ORD-01435,2025-01-26,Customer_150,Consumer,Printer Paper,Office Supplies,South,2,0.15,789.28,129.69
ORD-01436,2025-04-09,Customer_289,Consumer,Printer Paper,Office Supplies,East,7,0.15,2410.43,446.52
ORD-01437,2024-10-28,Customer_052,Home Office,Headphones,Technology,West,4,0.0,13686.63,2809.45
ORD-01438,2025-10-07,Customer_244,Consumer,Table,Furniture,West,7,0.0,99416.54,15127.82
ORD-01439,2025-12-01,Customer_032,Consumer,Keyboard,Technology,South,3,0.1,7299.78,1068.82
ORD-01440,2024-05-03,Customer_168,Corporate,Table,Furniture,East,2,0.0,29221.29,4850.08
ORD-01441,2024-06-13,Customer_288,Consumer,Bookshelf,Furniture,West,1,0.15,7220.57,145.08
ORD-01442,2024-04-28,Customer_201,Consumer,Folders,Office Supplies,East,5,0.0,1022.99,278.54
ORD-01443,2025-04-27,Customer_292,Consumer,Webcam,Technology,South,7,0.0,19876.76,3783.78
ORD-01444,2025-11-14,Customer_196,Home Office,Stapler,Office Supplies,South,6,0.05,1650.79,354.9
ORD-01445,2024-09-19,Customer_090,Consumer,Table,Furniture,South,4,0.05,57037.5,9733.04
ORD-01446,2025-11-19,Customer_136,Corporate,Keyboard,Technology,East,3,0.05,6517.83,1284.3
ORD-01447,2024-04-02,Customer_091,Consumer,Laptop,Technology,North,2,0.0,141703.74,34501.13
ORD-01448,2025-10-04,Customer_146,Consumer,Keyboard,Technology,West,4,0.2,8091.14,385.08
ORD-01449,2025-05-12,Customer_014,Consumer,Headphones,Technology,South,7,0.0,26094.43,6031.33
ORD-01450,2025-01-13,Customer_003,Home Office,Notebook,Office Supplies,East,6,0.0,1475.11,398.08
ORD-01451,2025-10-17,Customer_103,Consumer,Keyboard,Technology,West,2,0.05,4598.12,826.54
ORD-01452,2024-08-20,Customer_044,Corporate,Headphones,Technology,South,1,0.15,2900.68,230.53
ORD-01453,2025-11-27,Customer_248,Home Office,Laptop,Technology,West,4,0.2,193302.22,4776.44
ORD-01454,2025-10-09,Customer_066,Consumer,Pen Set,Office Supplies,West,2,0.15,280.84,38.53
ORD-01455,2025-04-27,Customer_183,Home Office,Desk,Furniture,East,3,0.05,38895.37,6545.61
ORD-01456,2025-02-27,Customer_073,Consumer,Notebook,Office Supplies,East,3,0.05,776.42,205.92
ORD-01457,2024-12-10,Customer_277,Consumer,Desk,Furniture,North,3,0.0,46642.24,8001.31
ORD-01458,2025-04-20,Customer_127,Corporate,Headphones,Technology,West,2,0.1,6554.09,842.78
ORD-01459,2024-05-30,Customer_108,Consumer,Mouse,Technology,South,1,0.0,1180.17,296.25
ORD-01460,2025-05-28,Customer_209,Corporate,Mouse,Technology,North,1,0.0,1094.27,227.19
ORD-01461,2025-06-07,Customer_213,Corporate,Table,Furniture,South,6,0.2,70215.63,-3125.77
ORD-01462,2024-02-16,Customer_159,Consumer,Office Chair,Furniture,South,4,0.2,27847.92,-182.67
ORD-01463,2024-07-01,Customer_054,Home Office,Stapler,Office Supplies,East,1,0.05,279.36,71.03
ORD-01464,2024-06-20,Customer_095,Consumer,Office Chair,Furniture,North,2,0.2,13096.42,-208.15
ORD-01465,2025-11-10,Customer_295,Corporate,Notebook,Office Supplies,East,1,0.25,180.59,4.57
ORD-01466,2025-10-10,Customer_113,Consumer,Monitor,Technology,North,4,0.25,57636.8,-4542.1
ORD-01467,2024-06-26,Customer_128,Consumer,Laptop,Technology,North,6,0.1,336361.36,38074.57
ORD-01468,2025-05-23,Customer_182,Home Office,Desk,Furniture,East,6,0.05,80162.94,12993.73
ORD-01469,2024-12-08,Customer_296,Consumer,Headphones,Technology,North,6,0.15,19078.73,1657.76
ORD-01470,2024-05-25,Customer_268,Consumer,Folders,Office Supplies,East,3,0.2,527.9,67.01
ORD-01471,2025-07-04,Customer_105,Home Office,Monitor,Technology,North,7,0.0,130176.31,26693.35
ORD-01472,2025-03-01,Customer_074,Home Office,Printer Paper,Office Supplies,South,6,0.15,2345.93,350.98
ORD-01473,2025-03-17,Customer_037,Corporate,Table,Furniture,South,3,0.15,33073.25,2375.71
ORD-01474,2025-02-21,Customer_214,Home Office,Bookshelf,Furniture,East,2,0.2,12406.75,-319.24
ORD-01475,2024-10-31,Customer_158,Home Office,Table,Furniture,North,6,0.05,81083.48,12674.21
ORD-01476,2024-06-21,Customer_112,Consumer,Office Chair,Furniture,East,4,0.2,28154.03,-1500.76
ORD-01477,2024-01-06,Customer_280,Consumer,Printer Paper,Office Supplies,East,5,0.15,2076.8,344.35
ORD-01478,2025-07-17,Customer_006,Home Office,Headphones,Technology,South,6,0.25,15408.51,-1049.64
ORD-01479,2025-02-16,Customer_249,Consumer,Bookshelf,Furniture,North,3,0.05,22764.62,3020.57
ORD-01480,2024-12-10,Customer_146,Corporate,Stapler,Office Supplies,North,6,0.15,1583.29,219.68
ORD-01481,2025-01-29,Customer_204,Consumer,Table,Furniture,East,6,0.0,79278.44,12750.71
ORD-01482,2024-12-29,Customer_071,Home Office,Bookshelf,Furniture,North,5,0.0,36890.98,7258.69
ORD-01483,2025-07-20,Customer_077,Corporate,Headphones,Technology,West,3,0.1,8533.27,1030.21
ORD-01484,2024-01-16,Customer_230,Home Office,Cabinet,Furniture,West,3,0.05,35125.98,4560.54
ORD-01485,2024-05-21,Customer_281,Corporate,Notebook,Office Supplies,West,6,0.15,1292.29,184.8
ORD-01486,2024-02-09,Customer_271,Consumer,Bookshelf,Furniture,North,5,0.2,34735.51,120.46
ORD-01487,2025-03-02,Customer_061,Consumer,Bookshelf,Furniture,West,1,0.2,6619.97,-245.4
ORD-01488,2025-01-04,Customer_039,Consumer,Desk,Furniture,West,2,0.1,25972.23,1427.09
ORD-01489,2024-03-02,Customer_218,Consumer,Printer Paper,Office Supplies,East,3,0.0,1265.71,359.95
ORD-01490,2025-03-26,Customer_034,Consumer,Desk,Furniture,West,4,0.2,47288.25,-1611.98
ORD-01491,2025-04-02,Customer_149,Consumer,Laptop,Technology,West,2,0.05,135757.64,26693.59
ORD-01492,2025-11-01,Customer_092,Consumer,Webcam,Technology,East,1,0.1,2964.24,370.82
ORD-01493,2024-01-27,Customer_026,Home Office,Printer Paper,Office Supplies,East,7,0.0,3008.16,846.48
ORD-01494,2025-07-30,Customer_112,Consumer,Folders,Office Supplies,South,1,0.2,176.95,21.84
ORD-01495,2025-04-01,Customer_199,Home Office,Pen Set,Office Supplies,West,5,0.0,936.9,275.78
ORD-01496,2024-10-07,Customer_141,Consumer,Table,Furniture,North,3,0.05,37791.86,4980.33
ORD-01497,2025-09-01,Customer_021,Consumer,Headphones,Technology,East,7,0.1,21757.98,3358.19
ORD-01498,2025-12-12,Customer_239,Consumer,Folders,Office Supplies,North,3,0.15,534.23,76.81
ORD-01499,2024-02-20,Customer_191,Home Office,Laptop,Technology,South,2,0.05,122265.84,18264.52
ORD-01500,2025-10-19,Customer_104,Home Office,Bookshelf,Furniture,West,3,0.15,21054.83,302.41
ORD-00011,2024-10-25,Customer_071,Home Office,Pen Set,Office Supplies,South,1,0.0,172.13,50.24
ORD-00021,2024-12-24,Customer_172,Home Office,Keyboard,Technology,East,2,0.1,4290.28,622.14
